transaction_id,store_id,store_name,date,product_id,product_name,quantity,unit_price,total,customer_id,promo_code
1001,1,Downtown,2025-10-01,501,Notebook,2,3.5,7.0,2001.0,
1002,1,Downtown,2025-10-01,502,Pen,5,0.8,4.0,2002.0,DISC10
1003,2,Suburb,2025-10-02,501,Notebook,1,3.5,3.5,2003.0,
1004,2,Suburb,2025-10-02,503,Stapler,1,5.25,5.25,,
1005,1,Downtown,2025-10-03,504,Folder,3,1.2,3.6,2004.0,DISC10
1006,3,Airport,2025-10-03,502,Pen,10,0.8,8.0,2005.0,
1007,3,Airport,2025-10-04,505,Marker,2,1.75,3.5,2006.0,
1008,1,Downtown,2025-10-04,502,Pen,2,0.8,1.6,2002.0,
1009,2,Suburb,2025-10-05,506,Highlighter,4,0.9,3.6,2007.0,
1010,2,Suburb,2025-10-05,501,Notebook,1,3.5,3.5,2008.0,DISC5
1011,3,Airport,2025-10-20,505,Marker,3,7.91,23.73,2004.0,DISC10
1012,3,Airport,2025-10-23,503,Stapler,3,8.73,26.19,2003.0,DISC20
1013,2,Suburb,2025-10-21,502,Pen,4,9.42,37.68,2001.0,
1014,1,Downtown,2025-10-01,504,Folder,2,5.49,10.98,2008.0,
1015,3,Airport,2025-10-27,502,Pen,4,9.75,39.0,2002.0,
1016,3,Airport,2025-10-20,501,Notebook,3,8.67,26.01,2006.0,
1017,1,Downtown,2025-10-07,502,Pen,4,9.45,37.8,2001.0,DISC10
1018,1,Downtown,2025-10-26,505,Marker,2,7.0,14.0,2006.0,
1019,1,Downtown,2025-10-08,503,Stapler,1,2.96,2.96,2007.0,
1020,2,Suburb,2025-10-30,506,Highlighter,2,5.89,11.78,2001.0,DISC10
1021,2,Suburb,2025-10-10,506,Highlighter,4,6.18,24.72,2007.0,
1022,1,Downtown,2025-10-30,505,Marker,5,3.08,15.4,2004.0,DISC10
1023,1,Downtown,2025-10-28,504,Folder,4,3.12,12.48,,
1024,3,Airport,2025-10-09,501,Notebook,4,3.29,13.16,2002.0,
1025,3,Airport,2025-10-03,501,Notebook,3,1.2,3.6,2006.0,DISC10
1026,1,Downtown,2025-10-28,501,Notebook,4,3.64,14.56,2006.0,
1027,3,Airport,2025-10-12,506,Highlighter,3,5.83,17.49,2002.0,
1028,3,Airport,2025-10-14,503,Stapler,1,7.36,7.36,2006.0,DISC20
1029,1,Downtown,2025-10-15,502,Pen,2,4.67,9.34,2002.0,
1030,1,Downtown,2025-10-04,506,Highlighter,5,2.87,14.35,2003.0,
1031,3,Airport,2025-10-27,503,Stapler,4,9.33,37.32,2008.0,
1032,2,Suburb,2025-10-28,504,Folder,4,2.27,9.08,2006.0,
1033,1,Downtown,2025-10-07,506,Highlighter,1,3.09,3.09,2008.0,
1034,1,Downtown,2025-10-09,503,Stapler,3,4.47,13.41,2004.0,
1035,3,Airport,2025-10-10,504,Folder,3,3.57,10.71,2007.0,
1036,1,Downtown,2025-10-30,501,Notebook,2,9.64,19.28,2006.0,DISC10
1037,3,Airport,2025-10-17,505,Marker,1,9.98,9.98,,DISC10
1038,2,Suburb,2025-10-28,506,Highlighter,5,3.78,18.9,,DISC20
1039,2,Suburb,2025-10-02,505,Marker,4,4.75,19.0,2005.0,
1040,3,Airport,2025-10-11,503,Stapler,1,7.42,7.42,2007.0,
1041,2,Suburb,2025-10-06,506,Highlighter,3,8.26,24.78,,
1042,3,Airport,2025-10-06,505,Marker,3,6.11,18.33,2003.0,DISC20
1043,2,Suburb,2025-10-03,503,Stapler,4,6.63,26.52,2003.0,
1044,1,Downtown,2025-10-08,502,Pen,1,6.92,6.92,2008.0,
1045,2,Suburb,2025-10-23,506,Highlighter,2,2.95,5.9,2008.0,
1046,1,Downtown,2025-10-02,501,Notebook,4,5.8,23.2,2006.0,
1047,1,Downtown,2025-10-03,503,Stapler,3,8.64,25.92,2005.0,
1048,3,Airport,2025-10-17,504,Folder,4,6.02,24.08,2008.0,DISC20
1049,1,Downtown,2025-10-29,502,Pen,2,5.11,10.22,2002.0,
1050,1,Downtown,2025-10-04,501,Notebook,4,2.75,11.0,2004.0,
1051,3,Airport,2025-10-03,501,Notebook,1,5.65,5.65,2002.0,
1052,3,Airport,2025-10-22,503,Stapler,3,8.05,24.15,,
1053,3,Airport,2025-10-01,505,Marker,4,7.36,29.44,2002.0,
1054,3,Airport,2025-10-17,501,Notebook,4,9.43,37.72,2004.0,DISC20
1055,1,Downtown,2025-10-05,505,Marker,1,5.75,5.75,2002.0,
1056,1,Downtown,2025-10-20,505,Marker,5,2.31,11.55,,DISC20
1057,2,Suburb,2025-10-25,502,Pen,2,9.34,18.68,2007.0,DISC10
1058,3,Airport,2025-10-22,502,Pen,3,3.31,9.93,,
1059,1,Downtown,2025-10-11,506,Highlighter,5,3.32,16.6,2002.0,DISC10
1060,1,Downtown,2025-10-24,505,Marker,4,5.36,21.44,2008.0,
1061,1,Downtown,2025-10-20,501,Notebook,4,8.92,35.68,2001.0,DISC10
1062,3,Airport,2025-10-22,503,Stapler,1,1.97,1.97,2005.0,DISC10
1063,2,Suburb,2025-10-22,501,Notebook,4,0.87,3.48,2005.0,DISC20
1064,1,Downtown,2025-10-01,505,Marker,4,2.55,10.2,2004.0,
1065,2,Suburb,2025-10-13,504,Folder,3,6.56,19.68,2003.0,
1066,2,Suburb,2025-10-28,502,Pen,3,8.05,24.15,2002.0,
1067,2,Suburb,2025-10-23,502,Pen,5,2.25,11.25,2006.0,
1068,1,Downtown,2025-10-01,502,Pen,2,1.99,3.98,2001.0,
1069,1,Downtown,2025-10-21,501,Notebook,5,7.51,37.55,2004.0,
1070,3,Airport,2025-10-03,504,Folder,2,3.88,7.76,2004.0,
1071,1,Downtown,2025-10-14,504,Folder,5,1.39,6.95,2003.0,
1072,2,Suburb,2025-10-26,505,Marker,4,2.15,8.6,2004.0,DISC10
1073,2,Suburb,2025-10-22,505,Marker,4,0.93,3.72,2002.0,DISC10
1074,1,Downtown,2025-10-24,505,Marker,5,2.05,10.25,2007.0,DISC10
1075,1,Downtown,2025-10-28,503,Stapler,4,5.97,23.88,2001.0,DISC20
1076,1,Downtown,2025-10-01,505,Marker,3,8.3,24.9,2002.0,
1077,1,Downtown,2025-10-08,502,Pen,3,2.36,7.08,2001.0,
1078,3,Airport,2025-10-18,503,Stapler,1,6.73,6.73,2001.0,DISC20
1079,1,Downtown,2025-10-07,504,Folder,2,7.12,14.24,2007.0,
1080,1,Downtown,2025-10-21,505,Marker,1,5.71,5.71,2004.0,
1081,3,Airport,2025-10-17,503,Stapler,4,4.03,16.12,2006.0,
1082,1,Downtown,2025-10-23,505,Marker,1,2.76,2.76,,
1083,2,Suburb,2025-10-20,501,Notebook,5,9.01,45.05,,
1084,1,Downtown,2025-10-09,503,Stapler,4,3.87,15.48,2003.0,DISC20
1085,2,Suburb,2025-10-15,505,Marker,5,3.29,16.45,2008.0,
1086,3,Airport,2025-10-21,504,Folder,5,8.02,40.1,2008.0,
1087,1,Downtown,2025-10-10,502,Pen,2,4.69,9.38,2006.0,
1088,3,Airport,2025-10-11,502,Pen,4,7.04,28.16,,
1089,2,Suburb,2025-10-07,506,Highlighter,5,2.61,13.05,2008.0,DISC10
1090,3,Airport,2025-10-26,502,Pen,5,5.38,26.9,2005.0,DISC20
1091,1,Downtown,2025-10-01,506,Highlighter,4,2.75,11.0,2006.0,
1092,1,Downtown,2025-10-04,504,Folder,4,1.29,5.16,2005.0,DISC20
1093,2,Suburb,2025-10-26,503,Stapler,3,2.91,8.73,2001.0,
1094,2,Suburb,2025-10-26,504,Folder,4,7.79,31.16,2008.0,
1095,3,Airport,2025-10-13,504,Folder,1,4.06,4.06,,
1096,1,Downtown,2025-10-06,505,Marker,2,0.62,1.24,2004.0,
1097,3,Airport,2025-10-28,505,Marker,4,5.76,23.04,2003.0,
1098,2,Suburb,2025-10-15,501,Notebook,1,7.11,7.11,,
1099,2,Suburb,2025-10-22,503,Stapler,1,9.19,9.19,2007.0,
1100,1,Downtown,2025-10-08,502,Pen,4,6.65,26.6,2007.0,DISC10
1101,2,Suburb,2025-10-28,504,Folder,5,9.76,48.8,2005.0,
1102,1,Downtown,2025-10-01,505,Marker,4,6.23,24.92,2002.0,
1103,2,Suburb,2025-10-18,503,Stapler,5,6.33,31.65,2001.0,DISC10
1104,2,Suburb,2025-10-18,503,Stapler,5,2.07,10.35,2007.0,
1105,2,Suburb,2025-10-01,502,Pen,1,4.08,4.08,2008.0,DISC20
1106,3,Airport,2025-10-17,505,Marker,1,4.95,4.95,2002.0,
1107,1,Downtown,2025-10-16,506,Highlighter,4,8.22,32.88,2004.0,DISC20
1108,1,Downtown,2025-10-23,505,Marker,5,9.48,47.4,2002.0,
1109,1,Downtown,2025-10-14,501,Notebook,1,9.56,9.56,2003.0,
1110,1,Downtown,2025-10-08,502,Pen,4,3.05,12.2,2006.0,DISC10
1111,2,Suburb,2025-10-02,506,Highlighter,3,5.44,16.32,,
1112,1,Downtown,2025-10-30,506,Highlighter,3,4.33,12.99,2006.0,
1113,1,Downtown,2025-10-14,502,Pen,3,2.52,7.56,2005.0,
1114,2,Suburb,2025-10-06,502,Pen,2,6.55,13.1,2002.0,DISC10
1115,1,Downtown,2025-10-06,501,Notebook,4,3.33,13.32,2002.0,
1116,1,Downtown,2025-10-29,504,Folder,2,9.3,18.6,,
1117,1,Downtown,2025-10-02,506,Highlighter,5,3.8,19.0,2002.0,
1118,3,Airport,2025-10-23,503,Stapler,4,2.23,8.92,2007.0,
1119,3,Airport,2025-10-03,503,Stapler,5,9.74,48.7,2002.0,DISC20
1120,1,Downtown,2025-10-05,502,Pen,4,3.8,15.2,2005.0,
1121,2,Suburb,2025-10-01,505,Marker,1,3.88,3.88,2001.0,
1122,2,Suburb,2025-10-26,505,Marker,3,0.87,2.61,2008.0,
1123,2,Suburb,2025-10-15,506,Highlighter,3,9.25,27.75,,DISC10
1124,1,Downtown,2025-10-08,501,Notebook,3,2.25,6.75,2007.0,DISC10
1125,3,Airport,2025-10-14,502,Pen,5,1.09,5.45,2007.0,DISC20
1126,3,Airport,2025-10-03,506,Highlighter,3,5.56,16.68,2001.0,DISC10
1127,2,Suburb,2025-10-03,503,Stapler,1,7.51,7.51,2006.0,
1128,1,Downtown,2025-10-07,506,Highlighter,2,5.59,11.18,2008.0,
1129,1,Downtown,2025-10-20,501,Notebook,4,3.87,15.48,2008.0,
1130,2,Suburb,2025-10-15,504,Folder,2,5.8,11.6,2007.0,
1131,3,Airport,2025-10-10,501,Notebook,5,3.95,19.75,2001.0,DISC20
1132,3,Airport,2025-10-13,506,Highlighter,5,9.37,46.85,2004.0,
1133,2,Suburb,2025-10-06,504,Folder,3,1.33,3.99,2007.0,
1134,3,Airport,2025-10-03,503,Stapler,5,9.83,49.15,2005.0,DISC10
1135,3,Airport,2025-10-04,506,Highlighter,1,5.16,5.16,2005.0,DISC20
1136,2,Suburb,2025-10-25,502,Pen,3,5.93,17.79,2002.0,
1137,1,Downtown,2025-10-06,502,Pen,4,4.54,18.16,,
1138,1,Downtown,2025-10-12,501,Notebook,2,7.79,15.58,2005.0,
1139,2,Suburb,2025-10-11,504,Folder,5,5.56,27.8,,DISC10
1140,2,Suburb,2025-10-05,502,Pen,4,2.42,9.68,2007.0,DISC10
1141,1,Downtown,2025-10-05,501,Notebook,1,1.61,1.61,2007.0,DISC20
1142,2,Suburb,2025-10-17,505,Marker,4,9.67,38.68,2004.0,DISC20
1143,1,Downtown,2025-10-02,504,Folder,3,1.13,3.39,2007.0,
1144,1,Downtown,2025-10-08,503,Stapler,1,7.63,7.63,2002.0,
1145,1,Downtown,2025-10-05,503,Stapler,3,6.52,19.56,2003.0,
1146,1,Downtown,2025-10-10,501,Notebook,2,8.26,16.52,2006.0,DISC20
1147,1,Downtown,2025-10-06,501,Notebook,1,2.71,2.71,,DISC10
1148,2,Suburb,2025-10-21,503,Stapler,3,4.6,13.8,2002.0,DISC20
1149,2,Suburb,2025-10-20,505,Marker,1,5.57,5.57,2006.0,DISC20
1150,1,Downtown,2025-10-06,501,Notebook,1,7.22,7.22,2006.0,
1151,2,Suburb,2025-10-04,506,Highlighter,2,7.74,15.48,,
1152,3,Airport,2025-10-15,504,Folder,5,1.71,8.55,2007.0,
1153,1,Downtown,2025-10-29,504,Folder,4,7.83,31.32,2002.0,DISC20
1154,2,Suburb,2025-10-11,503,Stapler,5,8.35,41.75,2007.0,DISC10
1155,2,Suburb,2025-10-11,504,Folder,2,6.07,12.14,2001.0,
1156,1,Downtown,2025-10-15,504,Folder,3,9.36,28.08,2003.0,
1157,1,Downtown,2025-10-24,505,Marker,2,7.83,15.66,2008.0,DISC20
1158,1,Downtown,2025-10-14,501,Notebook,3,4.78,14.34,2004.0,
1159,2,Suburb,2025-10-14,504,Folder,1,3.66,3.66,2005.0,DISC20
1160,3,Airport,2025-10-21,501,Notebook,5,3.68,18.4,2003.0,
1161,1,Downtown,2025-10-26,501,Notebook,3,4.28,12.84,2008.0,DISC10
1162,3,Airport,2025-10-06,502,Pen,2,5.07,10.14,,DISC20
1163,3,Airport,2025-10-12,503,Stapler,3,2.86,8.58,2008.0,
1164,2,Suburb,2025-10-21,501,Notebook,1,7.91,7.91,2005.0,DISC10
1165,2,Suburb,2025-10-21,501,Notebook,1,9.63,9.63,,
1166,2,Suburb,2025-10-22,504,Folder,5,2.25,11.25,2006.0,
1167,1,Downtown,2025-10-30,503,Stapler,3,8.1,24.3,,
1168,1,Downtown,2025-10-30,503,Stapler,2,3.29,6.58,2002.0,DISC10
1169,2,Suburb,2025-10-22,504,Folder,1,4.31,4.31,2005.0,DISC20
1170,3,Airport,2025-10-04,501,Notebook,5,1.22,6.1,2002.0,DISC10
1171,2,Suburb,2025-10-19,506,Highlighter,2,4.38,8.76,2006.0,
1172,2,Suburb,2025-10-07,505,Marker,1,5.74,5.74,2002.0,DISC20
1173,3,Airport,2025-10-29,506,Highlighter,1,8.1,8.1,2002.0,DISC20
1174,1,Downtown,2025-10-28,502,Pen,3,2.81,8.43,2007.0,DISC20
1175,1,Downtown,2025-10-22,505,Marker,2,0.62,1.24,2006.0,
1176,3,Airport,2025-10-21,503,Stapler,5,8.83,44.15,2001.0,DISC10
1177,1,Downtown,2025-10-15,505,Marker,4,3.69,14.76,2001.0,DISC20
1178,3,Airport,2025-10-23,504,Folder,4,6.43,25.72,2005.0,
1179,2,Suburb,2025-10-21,504,Folder,3,9.51,28.53,2005.0,
1180,1,Downtown,2025-10-10,506,Highlighter,3,9.0,27.0,,DISC10
1181,3,Airport,2025-10-17,506,Highlighter,1,5.65,5.65,2008.0,
1182,2,Suburb,2025-10-22,503,Stapler,4,1.76,7.04,2001.0,
1183,3,Airport,2025-10-06,502,Pen,5,8.24,41.2,2008.0,DISC10
1184,1,Downtown,2025-10-05,501,Notebook,2,7.34,14.68,2004.0,DISC10
1185,2,Suburb,2025-10-21,503,Stapler,1,3.03,3.03,2007.0,DISC10
1186,1,Downtown,2025-10-25,505,Marker,2,9.19,18.38,2004.0,
1187,2,Suburb,2025-10-26,506,Highlighter,2,2.08,4.16,,DISC20
1188,1,Downtown,2025-10-04,503,Stapler,2,1.15,2.3,2007.0,DISC20
1189,1,Downtown,2025-10-27,503,Stapler,2,4.27,8.54,2007.0,
1190,1,Downtown,2025-10-26,504,Folder,4,2.04,8.16,2003.0,DISC20
1191,1,Downtown,2025-10-30,503,Stapler,5,1.97,9.85,2008.0,DISC10
1192,2,Suburb,2025-10-21,501,Notebook,1,3.84,3.84,,
1193,1,Downtown,2025-10-11,502,Pen,1,2.84,2.84,2002.0,DISC10
1194,1,Downtown,2025-10-12,504,Folder,3,3.09,9.27,2001.0,
1195,3,Airport,2025-10-05,504,Folder,3,9.21,27.63,,DISC10
1196,1,Downtown,2025-10-23,501,Notebook,4,5.65,22.6,2007.0,DISC20
1197,3,Airport,2025-10-21,501,Notebook,5,7.08,35.4,2005.0,
1198,2,Suburb,2025-10-25,504,Folder,3,9.88,29.64,2006.0,
1199,3,Airport,2025-10-26,505,Marker,2,3.47,6.94,2004.0,
1200,3,Airport,2025-10-16,502,Pen,3,9.47,28.41,2001.0,
1201,3,Airport,2025-10-03,502,Pen,3,8.37,25.11,,DISC20
1202,1,Downtown,2025-10-02,503,Stapler,5,5.54,27.7,2006.0,
1203,3,Airport,2025-10-15,501,Notebook,4,8.01,32.04,2008.0,
1204,2,Suburb,2025-10-01,505,Marker,2,8.83,17.66,2001.0,DISC20
1205,2,Suburb,2025-10-02,506,Highlighter,3,8.81,26.43,2001.0,DISC20
1206,3,Airport,2025-10-07,506,Highlighter,4,1.0,4.0,,
1207,2,Suburb,2025-10-21,504,Folder,1,6.02,6.02,2008.0,DISC10
1208,2,Suburb,2025-10-25,504,Folder,5,7.46,37.3,,DISC20
1209,1,Downtown,2025-10-14,506,Highlighter,2,3.31,6.62,2004.0,
1210,1,Downtown,2025-10-21,506,Highlighter,1,1.54,1.54,2008.0,
1211,3,Airport,2025-10-26,505,Marker,5,2.96,14.8,2005.0,DISC20
1212,2,Suburb,2025-10-13,502,Pen,1,7.56,7.56,2003.0,DISC20
1213,1,Downtown,2025-10-22,505,Marker,3,5.37,16.11,2001.0,
1214,2,Suburb,2025-10-09,501,Notebook,2,7.91,15.82,2005.0,
1215,1,Downtown,2025-10-22,501,Notebook,1,9.31,9.31,,
1216,3,Airport,2025-10-10,503,Stapler,2,5.17,10.34,,DISC20
1217,3,Airport,2025-10-06,505,Marker,5,5.6,28.0,2008.0,
1218,2,Suburb,2025-10-05,502,Pen,3,8.84,26.52,2002.0,DISC20
1219,1,Downtown,2025-10-09,503,Stapler,1,8.6,8.6,2008.0,
1220,1,Downtown,2025-10-11,503,Stapler,2,4.38,8.76,2005.0,DISC20
1221,1,Downtown,2025-10-16,502,Pen,2,1.27,2.54,2004.0,
1222,1,Downtown,2025-10-18,505,Marker,5,9.11,45.55,2002.0,DISC10
1223,3,Airport,2025-10-13,505,Marker,1,8.85,8.85,2002.0,
1224,1,Downtown,2025-10-27,503,Stapler,1,3.67,3.67,2008.0,
1225,2,Suburb,2025-10-04,503,Stapler,4,2.01,8.04,2008.0,DISC20
1226,3,Airport,2025-10-23,502,Pen,2,8.29,16.58,2004.0,DISC10
1227,2,Suburb,2025-10-14,505,Marker,5,2.96,14.8,2001.0,
1228,2,Suburb,2025-10-27,501,Notebook,1,6.5,6.5,2001.0,
1229,1,Downtown,2025-10-03,506,Highlighter,3,7.73,23.19,2008.0,DISC10
1230,3,Airport,2025-10-28,504,Folder,5,1.47,7.35,2003.0,
1231,2,Suburb,2025-10-04,503,Stapler,1,7.82,7.82,,DISC10
1232,2,Suburb,2025-10-01,506,Highlighter,2,1.21,2.42,2001.0,DISC10
1233,2,Suburb,2025-10-15,505,Marker,4,7.62,30.48,2002.0,
1234,1,Downtown,2025-10-12,505,Marker,3,8.3,24.9,2002.0,DISC20
1235,2,Suburb,2025-10-23,502,Pen,2,3.1,6.2,2003.0,
1236,3,Airport,2025-10-13,501,Notebook,5,7.09,35.45,2003.0,DISC10
1237,3,Airport,2025-10-14,504,Folder,3,3.1,9.3,,
1238,1,Downtown,2025-10-21,505,Marker,3,9.66,28.98,2002.0,
1239,1,Downtown,2025-10-03,503,Stapler,1,3.55,3.55,2005.0,DISC10
1240,1,Downtown,2025-10-03,501,Notebook,1,7.29,7.29,2001.0,
1241,3,Airport,2025-10-08,504,Folder,1,8.75,8.75,2004.0,DISC20
1242,2,Suburb,2025-10-18,504,Folder,3,8.07,24.21,2004.0,
1243,2,Suburb,2025-10-03,504,Folder,1,0.51,0.51,2006.0,
1244,2,Suburb,2025-10-12,504,Folder,4,5.8,23.2,2008.0,
1245,3,Airport,2025-10-22,506,Highlighter,5,3.06,15.3,2007.0,DISC20
1246,1,Downtown,2025-10-17,505,Marker,2,6.96,13.92,2001.0,DISC20
1247,1,Downtown,2025-10-25,501,Notebook,4,7.91,31.64,2007.0,DISC20
1248,2,Suburb,2025-10-19,501,Notebook,1,1.48,1.48,2005.0,
1249,1,Downtown,2025-10-10,502,Pen,4,1.19,4.76,,
1250,1,Downtown,2025-10-13,506,Highlighter,1,8.33,8.33,2005.0,DISC10
1251,2,Suburb,2025-10-07,502,Pen,2,8.11,16.22,2001.0,DISC10
1252,3,Airport,2025-10-12,501,Notebook,3,1.68,5.04,2005.0,
1253,2,Suburb,2025-10-09,501,Notebook,2,9.38,18.76,2007.0,DISC10
1254,2,Suburb,2025-10-20,506,Highlighter,3,5.1,15.3,2003.0,
1255,2,Suburb,2025-10-26,506,Highlighter,2,5.07,10.14,2008.0,
1256,2,Suburb,2025-10-14,503,Stapler,2,1.07,2.14,2006.0,
1257,1,Downtown,2025-10-25,505,Marker,3,2.58,7.74,2006.0,
1258,1,Downtown,2025-10-08,505,Marker,5,6.76,33.8,2002.0,
1259,2,Suburb,2025-10-06,502,Pen,3,2.67,8.01,2007.0,
1260,3,Airport,2025-10-03,504,Folder,2,4.33,8.66,2005.0,
1261,3,Airport,2025-10-12,501,Notebook,5,7.41,37.05,2007.0,
1262,1,Downtown,2025-10-04,504,Folder,4,7.79,31.16,2007.0,DISC10
1263,1,Downtown,2025-10-19,501,Notebook,4,0.78,3.12,2001.0,
1264,2,Suburb,2025-10-15,502,Pen,4,4.51,18.04,2002.0,DISC20
1265,2,Suburb,2025-10-22,505,Marker,4,4.15,16.6,2001.0,
1266,3,Airport,2025-10-01,503,Stapler,2,7.3,14.6,2006.0,DISC10
1267,2,Suburb,2025-10-14,502,Pen,5,8.62,43.1,2008.0,
1268,1,Downtown,2025-10-15,506,Highlighter,1,6.79,6.79,2006.0,
1269,3,Airport,2025-10-25,501,Notebook,4,2.95,11.8,2004.0,
1270,3,Airport,2025-10-01,504,Folder,4,9.71,38.84,2002.0,DISC10
1271,1,Downtown,2025-10-10,504,Folder,1,4.59,4.59,2003.0,DISC20
1272,1,Downtown,2025-10-25,506,Highlighter,4,4.1,16.4,2004.0,
1273,1,Downtown,2025-10-17,501,Notebook,4,4.74,18.96,2005.0,
1274,3,Airport,2025-10-29,504,Folder,2,9.87,19.74,2008.0,
1275,2,Suburb,2025-10-29,501,Notebook,3,4.8,14.4,2004.0,DISC20
1276,1,Downtown,2025-10-01,501,Notebook,3,0.89,2.67,2003.0,
1277,2,Suburb,2025-10-24,503,Stapler,3,0.67,2.01,2008.0,DISC10
1278,1,Downtown,2025-10-25,503,Stapler,2,3.76,7.52,2005.0,
1279,3,Airport,2025-10-30,505,Marker,4,7.19,28.76,2006.0,DISC10
1280,1,Downtown,2025-10-01,505,Marker,5,9.65,48.25,2001.0,
1281,3,Airport,2025-10-23,502,Pen,3,6.99,20.97,2001.0,DISC10
1282,1,Downtown,2025-10-26,501,Notebook,4,1.57,6.28,2008.0,
1283,1,Downtown,2025-10-01,503,Stapler,5,6.84,34.2,2008.0,DISC10
1284,2,Suburb,2025-10-28,502,Pen,2,6.25,12.5,2008.0,
1285,1,Downtown,2025-10-25,505,Marker,1,1.36,1.36,2008.0,DISC20
1286,2,Suburb,2025-10-29,506,Highlighter,4,6.84,27.36,2005.0,DISC10
1287,2,Suburb,2025-10-13,501,Notebook,3,8.75,26.25,,
1288,1,Downtown,2025-10-15,501,Notebook,4,6.29,25.16,2004.0,DISC20
1289,1,Downtown,2025-10-25,501,Notebook,1,5.68,5.68,2002.0,
1290,2,Suburb,2025-10-26,503,Stapler,3,2.1,6.3,2001.0,
1291,3,Airport,2025-10-21,502,Pen,2,5.05,10.1,2004.0,
1292,2,Suburb,2025-10-25,504,Folder,5,4.29,21.45,2004.0,
1293,3,Airport,2025-10-11,506,Highlighter,2,7.3,14.6,2004.0,DISC20
1294,3,Airport,2025-10-16,505,Marker,4,9.57,38.28,2003.0,DISC20
1295,3,Airport,2025-10-15,504,Folder,5,5.05,25.25,2002.0,DISC10
1296,2,Suburb,2025-10-29,504,Folder,5,3.21,16.05,2002.0,DISC10
1297,2,Suburb,2025-10-18,502,Pen,1,9.78,9.78,2008.0,DISC20
1298,3,Airport,2025-10-12,502,Pen,5,2.25,11.25,2007.0,
1299,2,Suburb,2025-10-29,502,Pen,4,4.53,18.12,2005.0,
1300,1,Downtown,2025-10-10,503,Stapler,5,6.22,31.1,2005.0,
1301,2,Suburb,2025-10-28,501,Notebook,2,2.51,5.02,2007.0,DISC10
1302,1,Downtown,2025-10-29,502,Pen,1,2.75,2.75,2004.0,
1303,2,Suburb,2025-10-24,503,Stapler,4,4.53,18.12,2008.0,DISC10
1304,3,Airport,2025-10-04,502,Pen,1,4.53,4.53,2004.0,
1305,3,Airport,2025-10-12,502,Pen,1,2.56,2.56,,
1306,3,Airport,2025-10-03,504,Folder,3,2.7,8.1,2008.0,
1307,2,Suburb,2025-10-03,505,Marker,2,4.34,8.68,2005.0,
1308,3,Airport,2025-10-09,501,Notebook,3,9.92,29.76,2002.0,
1309,2,Suburb,2025-10-06,502,Pen,5,1.25,6.25,2007.0,
1310,1,Downtown,2025-10-04,503,Stapler,1,3.57,3.57,2005.0,
1311,3,Airport,2025-10-04,505,Marker,1,8.4,8.4,2004.0,
1312,3,Airport,2025-10-21,506,Highlighter,2,6.96,13.92,2002.0,DISC10
1313,3,Airport,2025-10-12,502,Pen,1,9.96,9.96,2006.0,
1314,2,Suburb,2025-10-12,502,Pen,4,9.64,38.56,2008.0,DISC10
1315,2,Suburb,2025-10-30,501,Notebook,4,3.8,15.2,2007.0,
1316,3,Airport,2025-10-16,506,Highlighter,5,1.64,8.2,2002.0,
1317,1,Downtown,2025-10-25,506,Highlighter,5,1.38,6.9,2005.0,DISC10
1318,3,Airport,2025-10-01,505,Marker,4,7.93,31.72,2001.0,
1319,2,Suburb,2025-10-04,501,Notebook,2,3.75,7.5,2008.0,
1320,2,Suburb,2025-10-27,501,Notebook,1,5.34,5.34,2002.0,
1321,2,Suburb,2025-10-23,502,Pen,4,8.8,35.2,2005.0,DISC20
1322,2,Suburb,2025-10-11,506,Highlighter,4,8.59,34.36,,DISC10
1323,2,Suburb,2025-10-18,505,Marker,3,6.91,20.73,2005.0,DISC20
1324,3,Airport,2025-10-20,506,Highlighter,1,3.56,3.56,2002.0,DISC10
1325,3,Airport,2025-10-02,503,Stapler,2,9.59,19.18,2001.0,DISC10
1326,1,Downtown,2025-10-02,501,Notebook,5,8.69,43.45,2003.0,
1327,2,Suburb,2025-10-16,506,Highlighter,5,3.52,17.6,2002.0,
1328,2,Suburb,2025-10-25,505,Marker,5,1.66,8.3,2004.0,DISC10
1329,1,Downtown,2025-10-15,504,Folder,5,5.72,28.6,2003.0,DISC10
1330,1,Downtown,2025-10-28,506,Highlighter,5,0.67,3.35,2001.0,
1331,3,Airport,2025-10-19,503,Stapler,5,7.92,39.6,2008.0,DISC10
1332,2,Suburb,2025-10-11,502,Pen,5,6.39,31.95,2008.0,DISC20
1333,1,Downtown,2025-10-03,505,Marker,1,7.94,7.94,2002.0,
1334,1,Downtown,2025-10-04,504,Folder,1,2.71,2.71,2003.0,
1335,2,Suburb,2025-10-07,502,Pen,5,8.92,44.6,2002.0,DISC20
1336,2,Suburb,2025-10-14,505,Marker,5,7.81,39.05,2006.0,DISC10
1337,2,Suburb,2025-10-27,505,Marker,5,7.72,38.6,2007.0,
1338,1,Downtown,2025-10-13,505,Marker,2,2.79,5.58,2004.0,
1339,2,Suburb,2025-10-05,505,Marker,4,4.03,16.12,,
1340,3,Airport,2025-10-21,504,Folder,5,5.14,25.7,2003.0,DISC10
1341,2,Suburb,2025-10-08,503,Stapler,1,6.33,6.33,2005.0,DISC10
1342,1,Downtown,2025-10-10,505,Marker,1,9.58,9.58,,
1343,1,Downtown,2025-10-01,502,Pen,4,1.23,4.92,,DISC10
1344,2,Suburb,2025-10-26,504,Folder,5,8.34,41.7,2006.0,DISC10
1345,3,Airport,2025-10-22,501,Notebook,1,1.13,1.13,2007.0,
1346,3,Airport,2025-10-05,504,Folder,1,4.71,4.71,2007.0,
1347,1,Downtown,2025-10-23,503,Stapler,1,1.18,1.18,2007.0,DISC20
1348,1,Downtown,2025-10-05,504,Folder,5,4.18,20.9,2003.0,DISC20
1349,3,Airport,2025-10-19,503,Stapler,4,3.87,15.48,2004.0,
1350,2,Suburb,2025-10-22,502,Pen,4,9.04,36.16,2007.0,
1351,1,Downtown,2025-10-02,502,Pen,3,1.65,4.95,2003.0,
1352,1,Downtown,2025-10-25,502,Pen,2,3.56,7.12,2003.0,
1353,3,Airport,2025-10-08,502,Pen,5,6.03,30.15,2001.0,DISC20
1354,2,Suburb,2025-10-15,501,Notebook,2,2.63,5.26,2008.0,DISC20
1355,2,Suburb,2025-10-28,502,Pen,1,2.05,2.05,2003.0,
1356,1,Downtown,2025-10-12,503,Stapler,1,6.64,6.64,2002.0,DISC10
1357,2,Suburb,2025-10-23,501,Notebook,4,9.23,36.92,2001.0,
1358,1,Downtown,2025-10-30,505,Marker,4,1.01,4.04,2005.0,DISC20
1359,1,Downtown,2025-10-22,504,Folder,5,7.42,37.1,2001.0,
1360,1,Downtown,2025-10-15,504,Folder,3,9.67,29.01,2002.0,
1361,1,Downtown,2025-10-22,503,Stapler,5,6.11,30.55,2007.0,DISC20
1362,3,Airport,2025-10-22,503,Stapler,5,1.39,6.95,2008.0,
1363,3,Airport,2025-10-08,502,Pen,2,0.59,1.18,,
1364,1,Downtown,2025-10-03,501,Notebook,4,1.44,5.76,2001.0,DISC20
1365,1,Downtown,2025-10-10,505,Marker,3,2.29,6.87,2008.0,
1366,1,Downtown,2025-10-20,504,Folder,2,7.73,15.46,2005.0,
1367,1,Downtown,2025-10-14,506,Highlighter,1,9.6,9.6,2008.0,
1368,3,Airport,2025-10-16,503,Stapler,3,9.97,29.91,2003.0,
1369,2,Suburb,2025-10-24,506,Highlighter,3,1.81,5.43,2005.0,
1370,2,Suburb,2025-10-08,505,Marker,2,6.39,12.78,2003.0,
1371,1,Downtown,2025-10-13,504,Folder,1,6.09,6.09,2003.0,
1372,2,Suburb,2025-10-03,505,Marker,2,5.83,11.66,2003.0,DISC10
1373,2,Suburb,2025-10-18,503,Stapler,4,8.34,33.36,,DISC20
1374,2,Suburb,2025-10-24,505,Marker,4,7.96,31.84,2005.0,
1375,3,Airport,2025-10-04,503,Stapler,5,1.9,9.5,2006.0,
1376,3,Airport,2025-10-01,502,Pen,4,1.09,4.36,2008.0,
1377,2,Suburb,2025-10-13,501,Notebook,1,6.56,6.56,2003.0,DISC20
1378,3,Airport,2025-10-06,506,Highlighter,4,4.15,16.6,2008.0,DISC10
1379,1,Downtown,2025-10-25,504,Folder,5,9.81,49.05,2002.0,
1380,3,Airport,2025-10-17,506,Highlighter,5,7.13,35.65,2002.0,
1381,3,Airport,2025-10-10,503,Stapler,2,8.79,17.58,2004.0,
1382,1,Downtown,2025-10-21,502,Pen,5,7.21,36.05,2003.0,DISC10
1383,3,Airport,2025-10-01,501,Notebook,4,7.77,31.08,2005.0,
1384,1,Downtown,2025-10-20,501,Notebook,4,0.63,2.52,2007.0,
1385,2,Suburb,2025-10-30,506,Highlighter,4,3.12,12.48,2006.0,
1386,2,Suburb,2025-10-24,502,Pen,2,8.53,17.06,2005.0,
1387,1,Downtown,2025-10-13,504,Folder,3,1.1,3.3,2008.0,
1388,2,Suburb,2025-10-01,503,Stapler,2,7.46,14.92,2003.0,
1389,2,Suburb,2025-10-26,504,Folder,1,5.2,5.2,2004.0,DISC10
1390,1,Downtown,2025-10-03,502,Pen,5,5.87,29.35,2002.0,DISC20
1391,1,Downtown,2025-10-21,504,Folder,1,2.24,2.24,,DISC10
1392,1,Downtown,2025-10-04,502,Pen,1,8.58,8.58,2006.0,
1393,1,Downtown,2025-10-24,505,Marker,5,8.67,43.35,2008.0,
1394,1,Downtown,2025-10-02,506,Highlighter,2,5.1,10.2,2004.0,
1395,2,Suburb,2025-10-22,501,Notebook,2,1.43,2.86,2002.0,
1396,3,Airport,2025-10-22,504,Folder,4,3.88,15.52,2002.0,DISC20
1397,3,Airport,2025-10-17,505,Marker,4,5.68,22.72,2003.0,
1398,2,Suburb,2025-10-15,505,Marker,4,8.77,35.08,2008.0,DISC10
1399,2,Suburb,2025-10-17,502,Pen,1,1.39,1.39,2002.0,
1400,1,Downtown,2025-10-10,504,Folder,3,1.5,4.5,2003.0,
1401,3,Airport,2025-10-18,503,Stapler,3,4.69,14.07,2007.0,
1402,2,Suburb,2025-10-08,504,Folder,4,7.7,30.8,2004.0,
1403,3,Airport,2025-10-09,506,Highlighter,2,2.0,4.0,2003.0,
1404,2,Suburb,2025-10-07,503,Stapler,5,9.11,45.55,2001.0,DISC20
1405,2,Suburb,2025-10-01,504,Folder,1,0.82,0.82,2007.0,
1406,3,Airport,2025-10-05,504,Folder,3,8.88,26.64,2006.0,
1407,3,Airport,2025-10-13,505,Marker,5,7.39,36.95,2001.0,
1408,2,Suburb,2025-10-26,503,Stapler,3,7.03,21.09,2002.0,
1409,1,Downtown,2025-10-20,502,Pen,2,1.25,2.5,2004.0,DISC20
1410,1,Downtown,2025-10-28,505,Marker,1,8.28,8.28,2001.0,DISC20
1411,1,Downtown,2025-10-11,502,Pen,4,4.86,19.44,2004.0,DISC10
1412,2,Suburb,2025-10-03,504,Folder,4,5.49,21.96,2004.0,
1413,2,Suburb,2025-10-30,501,Notebook,5,4.49,22.45,2001.0,
1414,3,Airport,2025-10-15,502,Pen,2,6.33,12.66,2006.0,
1415,1,Downtown,2025-10-12,503,Stapler,3,6.52,19.56,2003.0,
1416,2,Suburb,2025-10-02,503,Stapler,4,6.98,27.92,2005.0,
1417,1,Downtown,2025-10-08,503,Stapler,4,8.73,34.92,2005.0,
1418,3,Airport,2025-10-25,505,Marker,5,6.71,33.55,2003.0,
1419,1,Downtown,2025-10-07,501,Notebook,3,1.06,3.18,2001.0,DISC20
1420,1,Downtown,2025-10-06,503,Stapler,3,5.82,17.46,2001.0,
1421,1,Downtown,2025-10-08,506,Highlighter,3,4.42,13.26,2003.0,
1422,1,Downtown,2025-10-08,506,Highlighter,2,9.68,19.36,2005.0,
1423,3,Airport,2025-10-14,503,Stapler,3,7.66,22.98,2008.0,
1424,1,Downtown,2025-10-07,506,Highlighter,1,3.4,3.4,2006.0,
1425,3,Airport,2025-10-15,504,Folder,5,5.64,28.2,2007.0,
1426,2,Suburb,2025-10-09,501,Notebook,4,3.36,13.44,2004.0,DISC20
1427,1,Downtown,2025-10-27,506,Highlighter,1,0.96,0.96,2003.0,
1428,2,Suburb,2025-10-09,505,Marker,1,9.9,9.9,2006.0,
1429,2,Suburb,2025-10-17,506,Highlighter,4,6.04,24.16,2001.0,
1430,3,Airport,2025-10-21,505,Marker,4,2.59,10.36,,
1431,1,Downtown,2025-10-09,505,Marker,1,6.86,6.86,,DISC10
1432,1,Downtown,2025-10-08,505,Marker,4,9.15,36.6,2008.0,DISC20
1433,2,Suburb,2025-10-20,505,Marker,5,6.5,32.5,2003.0,
1434,1,Downtown,2025-10-19,504,Folder,4,1.49,5.96,2005.0,
1435,1,Downtown,2025-10-03,506,Highlighter,4,9.53,38.12,2001.0,DISC20
1436,3,Airport,2025-10-09,501,Notebook,1,0.53,0.53,2005.0,DISC10
1437,3,Airport,2025-10-08,503,Stapler,4,4.96,19.84,2008.0,
1438,1,Downtown,2025-10-17,503,Stapler,3,4.75,14.25,2003.0,
1439,1,Downtown,2025-10-29,506,Highlighter,1,0.57,0.57,2007.0,DISC20
1440,1,Downtown,2025-10-26,505,Marker,5,5.93,29.65,2005.0,
1441,1,Downtown,2025-10-24,505,Marker,1,6.36,6.36,2007.0,
1442,3,Airport,2025-10-27,501,Notebook,5,6.92,34.6,2002.0,DISC20
1443,1,Downtown,2025-10-14,505,Marker,1,4.2,4.2,2002.0,
1444,1,Downtown,2025-10-21,505,Marker,4,6.91,27.64,,
1445,2,Suburb,2025-10-07,504,Folder,2,7.35,14.7,2008.0,DISC20
1446,2,Suburb,2025-10-23,506,Highlighter,5,8.38,41.9,,
1447,2,Suburb,2025-10-18,502,Pen,4,4.15,16.6,2003.0,DISC10
1448,1,Downtown,2025-10-19,504,Folder,4,9.05,36.2,2002.0,
1449,3,Airport,2025-10-02,505,Marker,1,6.64,6.64,2002.0,DISC20
1450,1,Downtown,2025-10-10,506,Highlighter,2,1.82,3.64,2008.0,
1451,3,Airport,2025-10-28,503,Stapler,4,6.56,26.24,2004.0,DISC10
1452,1,Downtown,2025-10-06,503,Stapler,2,0.61,1.22,2002.0,DISC20
1453,1,Downtown,2025-10-23,505,Marker,2,9.15,18.3,,
1454,3,Airport,2025-10-24,501,Notebook,4,4.18,16.72,2001.0,
1455,3,Airport,2025-10-13,501,Notebook,5,8.69,43.45,2001.0,DISC20
1456,3,Airport,2025-10-28,504,Folder,1,4.59,4.59,2007.0,DISC20
1457,2,Suburb,2025-10-27,501,Notebook,4,4.23,16.92,2007.0,DISC10
1458,1,Downtown,2025-10-07,504,Folder,5,8.96,44.8,,
1459,3,Airport,2025-10-29,502,Pen,4,4.1,16.4,2002.0,DISC20
1460,3,Airport,2025-10-27,506,Highlighter,3,3.46,10.38,2005.0,
1461,2,Suburb,2025-10-16,504,Folder,4,5.82,23.28,2003.0,
1462,1,Downtown,2025-10-18,505,Marker,3,5.55,16.65,2003.0,DISC10
1463,3,Airport,2025-10-14,506,Highlighter,3,4.19,12.57,2002.0,DISC10
1464,2,Suburb,2025-10-27,505,Marker,5,3.25,16.25,2004.0,DISC10
1465,1,Downtown,2025-10-05,502,Pen,4,3.48,13.92,2006.0,
1466,2,Suburb,2025-10-28,501,Notebook,1,1.34,1.34,2003.0,
1467,1,Downtown,2025-10-16,506,Highlighter,4,9.81,39.24,2008.0,
1468,1,Downtown,2025-10-02,505,Marker,5,8.42,42.1,2002.0,DISC20
1469,2,Suburb,2025-10-02,505,Marker,3,2.18,6.54,2004.0,
1470,1,Downtown,2025-10-12,503,Stapler,4,3.8,15.2,2007.0,
1471,3,Airport,2025-10-13,502,Pen,3,2.47,7.41,,DISC20
1472,2,Suburb,2025-10-08,506,Highlighter,1,8.03,8.03,2002.0,
1473,3,Airport,2025-10-21,504,Folder,5,5.02,25.1,2003.0,DISC20
1474,3,Airport,2025-10-27,505,Marker,2,7.36,14.72,2005.0,
1475,2,Suburb,2025-10-11,504,Folder,5,8.05,40.25,2003.0,
1476,2,Suburb,2025-10-26,504,Folder,1,9.52,9.52,2003.0,DISC10
1477,2,Suburb,2025-10-11,501,Notebook,3,5.36,16.08,2008.0,DISC20
1478,2,Suburb,2025-10-17,503,Stapler,5,9.82,49.1,2001.0,
1479,3,Airport,2025-10-15,504,Folder,5,5.03,25.15,2008.0,
1480,1,Downtown,2025-10-17,501,Notebook,1,3.34,3.34,2007.0,DISC20
1481,3,Airport,2025-10-06,503,Stapler,3,0.79,2.37,2006.0,DISC10
1482,2,Suburb,2025-10-29,506,Highlighter,3,8.78,26.34,2004.0,
1483,2,Suburb,2025-10-09,503,Stapler,1,8.04,8.04,2002.0,DISC20
1484,2,Suburb,2025-10-08,502,Pen,1,1.35,1.35,2006.0,DISC20
1485,1,Downtown,2025-10-04,501,Notebook,5,7.53,37.65,2004.0,
1486,1,Downtown,2025-10-28,501,Notebook,1,8.54,8.54,2001.0,
1487,2,Suburb,2025-10-14,506,Highlighter,4,4.37,17.48,2005.0,DISC20
1488,3,Airport,2025-10-08,503,Stapler,4,5.98,23.92,2001.0,
1489,1,Downtown,2025-10-19,503,Stapler,2,1.23,2.46,2006.0,DISC10
1490,2,Suburb,2025-10-28,506,Highlighter,4,1.88,7.52,2007.0,
1491,2,Suburb,2025-10-07,503,Stapler,3,0.71,2.13,2006.0,
1492,3,Airport,2025-10-01,501,Notebook,1,2.58,2.58,2004.0,DISC20
1493,1,Downtown,2025-10-19,501,Notebook,1,1.67,1.67,,DISC10
1494,2,Suburb,2025-10-04,506,Highlighter,4,6.55,26.2,2001.0,DISC10
1495,2,Suburb,2025-10-20,505,Marker,4,1.86,7.44,2006.0,DISC10
1496,3,Airport,2025-10-14,502,Pen,2,8.33,16.66,2008.0,
1497,1,Downtown,2025-10-15,501,Notebook,1,5.36,5.36,2001.0,
1498,3,Airport,2025-10-24,502,Pen,1,3.73,3.73,2008.0,
1499,3,Airport,2025-10-25,501,Notebook,3,3.07,9.21,2001.0,
1500,2,Suburb,2025-10-15,503,Stapler,5,4.51,22.55,2005.0,
1501,3,Airport,2025-10-05,501,Notebook,2,0.9,1.8,,
1502,3,Airport,2025-10-25,502,Pen,5,7.27,36.35,2004.0,
1503,3,Airport,2025-10-17,504,Folder,1,3.33,3.33,2004.0,
1504,3,Airport,2025-10-19,504,Folder,5,0.96,4.8,2004.0,
1505,1,Downtown,2025-10-03,502,Pen,3,4.01,12.03,2006.0,
1506,1,Downtown,2025-10-18,505,Marker,5,4.45,22.25,2001.0,
1507,1,Downtown,2025-10-06,503,Stapler,1,8.06,8.06,2006.0,
1508,1,Downtown,2025-10-02,501,Notebook,4,7.52,30.08,2005.0,
1509,1,Downtown,2025-10-28,506,Highlighter,1,8.96,8.96,2002.0,
1510,1,Downtown,2025-10-17,506,Highlighter,2,5.67,11.34,2004.0,DISC10
1511,2,Suburb,2025-10-13,505,Marker,2,0.68,1.36,2003.0,DISC10
1512,3,Airport,2025-10-25,503,Stapler,1,9.11,9.11,2003.0,
1513,3,Airport,2025-10-25,504,Folder,2,5.43,10.86,2005.0,
1514,3,Airport,2025-10-28,501,Notebook,4,9.77,39.08,2005.0,
1515,2,Suburb,2025-10-27,506,Highlighter,1,1.64,1.64,2005.0,
1516,1,Downtown,2025-10-01,502,Pen,4,6.6,26.4,2004.0,
1517,1,Downtown,2025-10-07,504,Folder,3,0.72,2.16,2007.0,
1518,3,Airport,2025-10-25,505,Marker,3,3.38,10.14,2002.0,
1519,1,Downtown,2025-10-29,502,Pen,2,5.1,10.2,2006.0,
1520,2,Suburb,2025-10-04,502,Pen,1,2.77,2.77,2007.0,
1521,2,Suburb,2025-10-11,504,Folder,1,2.45,2.45,2006.0,DISC10
1522,1,Downtown,2025-10-26,501,Notebook,2,3.49,6.98,2002.0,DISC20
1523,1,Downtown,2025-10-21,504,Folder,4,6.61,26.44,,
1524,3,Airport,2025-10-20,506,Highlighter,4,5.62,22.48,2008.0,DISC10
1525,2,Suburb,2025-10-17,502,Pen,5,5.22,26.1,2008.0,DISC20
1526,2,Suburb,2025-10-01,502,Pen,3,7.73,23.19,2004.0,
1527,2,Suburb,2025-10-06,506,Highlighter,2,5.7,11.4,2002.0,
1528,1,Downtown,2025-10-11,504,Folder,1,1.8,1.8,2001.0,DISC20
1529,3,Airport,2025-10-28,504,Folder,1,2.37,2.37,2002.0,
1530,3,Airport,2025-10-26,506,Highlighter,1,2.58,2.58,2004.0,
1531,2,Suburb,2025-10-19,506,Highlighter,2,9.82,19.64,2003.0,
1532,3,Airport,2025-10-29,503,Stapler,5,9.47,47.35,2004.0,DISC10
1533,2,Suburb,2025-10-23,505,Marker,2,5.03,10.06,2003.0,
1534,3,Airport,2025-10-07,501,Notebook,3,9.62,28.86,2001.0,
1535,2,Suburb,2025-10-12,501,Notebook,5,0.59,2.95,2004.0,
1536,2,Suburb,2025-10-11,505,Marker,2,3.56,7.12,2001.0,DISC20
1537,2,Suburb,2025-10-05,503,Stapler,1,4.33,4.33,2003.0,
1538,2,Suburb,2025-10-24,503,Stapler,2,9.94,19.88,2008.0,
1539,3,Airport,2025-10-17,503,Stapler,4,1.36,5.44,2002.0,DISC20
1540,1,Downtown,2025-10-07,503,Stapler,2,3.89,7.78,2001.0,
1541,1,Downtown,2025-10-20,505,Marker,3,4.45,13.35,,DISC10
1542,1,Downtown,2025-10-26,502,Pen,5,9.76,48.8,2006.0,DISC10
1543,3,Airport,2025-10-11,501,Notebook,1,2.67,2.67,,
1544,2,Suburb,2025-10-02,505,Marker,1,9.53,9.53,2004.0,DISC20
1545,3,Airport,2025-10-21,503,Stapler,4,7.71,30.84,2002.0,
1546,3,Airport,2025-10-15,502,Pen,5,4.48,22.4,2003.0,DISC10
1547,3,Airport,2025-10-18,504,Folder,5,6.12,30.6,2008.0,DISC20
1548,3,Airport,2025-10-14,504,Folder,1,3.96,3.96,2002.0,
1549,1,Downtown,2025-10-03,503,Stapler,5,7.4,37.0,2007.0,DISC10
1550,3,Airport,2025-10-02,501,Notebook,1,5.62,5.62,2007.0,
1551,3,Airport,2025-10-13,505,Marker,5,7.77,38.85,2008.0,
1552,1,Downtown,2025-10-28,506,Highlighter,5,7.37,36.85,2007.0,
1553,1,Downtown,2025-10-20,503,Stapler,3,0.99,2.97,2003.0,
1554,2,Suburb,2025-10-19,504,Folder,1,8.56,8.56,2006.0,DISC10
1555,2,Suburb,2025-10-30,506,Highlighter,5,7.27,36.35,2002.0,
1556,2,Suburb,2025-10-16,503,Stapler,4,9.86,39.44,2007.0,
1557,2,Suburb,2025-10-21,501,Notebook,3,4.44,13.32,2001.0,
1558,1,Downtown,2025-10-11,502,Pen,1,3.94,3.94,2003.0,
1559,3,Airport,2025-10-21,505,Marker,1,5.38,5.38,2008.0,DISC20
1560,1,Downtown,2025-10-09,502,Pen,3,8.13,24.39,2006.0,DISC10
1561,3,Airport,2025-10-29,506,Highlighter,1,3.1,3.1,2008.0,
1562,1,Downtown,2025-10-13,506,Highlighter,4,9.8,39.2,2002.0,
1563,3,Airport,2025-10-17,504,Folder,5,9.5,47.5,,
1564,3,Airport,2025-10-26,504,Folder,4,4.15,16.6,2002.0,DISC20
1565,3,Airport,2025-10-08,506,Highlighter,2,6.35,12.7,2001.0,
1566,3,Airport,2025-10-04,503,Stapler,5,8.26,41.3,2008.0,
1567,1,Downtown,2025-10-08,503,Stapler,5,5.3,26.5,2005.0,
1568,2,Suburb,2025-10-03,503,Stapler,4,2.65,10.6,2008.0,
1569,3,Airport,2025-10-04,504,Folder,2,8.78,17.56,2002.0,
1570,1,Downtown,2025-10-08,506,Highlighter,3,8.58,25.74,2006.0,DISC20
1571,3,Airport,2025-10-18,504,Folder,4,2.28,9.12,2004.0,DISC20
1572,1,Downtown,2025-10-27,504,Folder,1,9.38,9.38,2004.0,
1573,2,Suburb,2025-10-05,506,Highlighter,3,3.88,11.64,2001.0,
1574,3,Airport,2025-10-22,505,Marker,3,1.04,3.12,2006.0,
1575,1,Downtown,2025-10-13,504,Folder,3,7.96,23.88,2007.0,
1576,1,Downtown,2025-10-24,502,Pen,2,9.19,18.38,2007.0,DISC10
1577,2,Suburb,2025-10-29,502,Pen,1,1.48,1.48,2004.0,
1578,2,Suburb,2025-10-09,505,Marker,2,7.19,14.38,2008.0,
1579,3,Airport,2025-10-17,504,Folder,3,6.25,18.75,2001.0,
1580,3,Airport,2025-10-16,502,Pen,4,5.72,22.88,2005.0,DISC10
1581,3,Airport,2025-10-23,503,Stapler,5,9.29,46.45,2003.0,DISC20
1582,1,Downtown,2025-10-22,504,Folder,4,4.85,19.4,2002.0,DISC10
1583,2,Suburb,2025-10-21,502,Pen,3,4.05,12.15,2008.0,
1584,2,Suburb,2025-10-09,503,Stapler,4,2.87,11.48,2001.0,
1585,1,Downtown,2025-10-19,502,Pen,1,1.97,1.97,2005.0,DISC20
1586,1,Downtown,2025-10-27,506,Highlighter,4,7.16,28.64,2008.0,
1587,1,Downtown,2025-10-17,505,Marker,4,9.39,37.56,2008.0,
1588,3,Airport,2025-10-01,502,Pen,4,7.39,29.56,2005.0,
1589,2,Suburb,2025-10-18,503,Stapler,2,1.38,2.76,2004.0,
1590,3,Airport,2025-10-15,504,Folder,5,5.37,26.85,2002.0,
1591,1,Downtown,2025-10-11,501,Notebook,1,2.8,2.8,2003.0,
1592,3,Airport,2025-10-17,505,Marker,4,0.63,2.52,,
1593,2,Suburb,2025-10-05,503,Stapler,2,1.09,2.18,2001.0,DISC20
1594,2,Suburb,2025-10-26,501,Notebook,3,6.15,18.45,2006.0,DISC10
1595,2,Suburb,2025-10-06,503,Stapler,4,9.36,37.44,2007.0,DISC20
1596,2,Suburb,2025-10-06,501,Notebook,3,5.45,16.35,2002.0,DISC10
1597,1,Downtown,2025-10-09,505,Marker,3,5.61,16.83,,
1598,1,Downtown,2025-10-22,505,Marker,1,0.83,0.83,2004.0,DISC10
1599,1,Downtown,2025-10-26,503,Stapler,3,7.2,21.6,2007.0,
1600,2,Suburb,2025-10-28,503,Stapler,5,7.95,39.75,2001.0,DISC10
1601,3,Airport,2025-10-22,503,Stapler,2,0.71,1.42,2003.0,
1602,3,Airport,2025-10-22,504,Folder,4,1.5,6.0,2006.0,DISC20
1603,2,Suburb,2025-10-06,502,Pen,1,2.97,2.97,2005.0,
1604,1,Downtown,2025-10-05,501,Notebook,2,9.45,18.9,2001.0,DISC20
1605,1,Downtown,2025-10-15,504,Folder,3,1.55,4.65,2004.0,
1606,3,Airport,2025-10-24,502,Pen,1,3.89,3.89,2003.0,
1607,1,Downtown,2025-10-23,506,Highlighter,5,3.6,18.0,,DISC10
1608,2,Suburb,2025-10-07,501,Notebook,1,1.47,1.47,2008.0,DISC20
1609,1,Downtown,2025-10-03,506,Highlighter,1,8.66,8.66,2006.0,
1610,3,Airport,2025-10-16,503,Stapler,1,0.63,0.63,2008.0,
1611,3,Airport,2025-10-05,505,Marker,4,2.68,10.72,2006.0,
1612,1,Downtown,2025-10-23,505,Marker,2,5.55,11.1,2001.0,
1613,2,Suburb,2025-10-17,506,Highlighter,3,7.46,22.38,2002.0,DISC10
1614,2,Suburb,2025-10-15,504,Folder,3,2.61,7.83,2008.0,DISC10
1615,3,Airport,2025-10-14,506,Highlighter,3,3.69,11.07,2007.0,DISC20
1616,1,Downtown,2025-10-09,501,Notebook,1,5.64,5.64,2007.0,DISC10
1617,1,Downtown,2025-10-29,502,Pen,2,4.41,8.82,2005.0,
1618,2,Suburb,2025-10-29,505,Marker,1,5.21,5.21,2006.0,DISC10
1619,1,Downtown,2025-10-07,505,Marker,5,7.77,38.85,2002.0,DISC10
1620,1,Downtown,2025-10-07,505,Marker,1,0.67,0.67,,DISC20
1621,1,Downtown,2025-10-27,505,Marker,3,5.83,17.49,2004.0,DISC20
1622,2,Suburb,2025-10-28,501,Notebook,4,7.12,28.48,2007.0,
1623,1,Downtown,2025-10-25,506,Highlighter,1,5.11,5.11,2002.0,
1624,3,Airport,2025-10-14,505,Marker,3,8.3,24.9,2008.0,
1625,3,Airport,2025-10-03,503,Stapler,5,4.39,21.95,2008.0,DISC10
1626,3,Airport,2025-10-16,502,Pen,4,2.23,8.92,2007.0,
1627,3,Airport,2025-10-28,504,Folder,1,9.83,9.83,2001.0,DISC10
1628,1,Downtown,2025-10-13,506,Highlighter,4,9.97,39.88,2002.0,DISC20
1629,3,Airport,2025-10-22,506,Highlighter,3,7.21,21.63,2003.0,DISC20
1630,3,Airport,2025-10-26,503,Stapler,3,4.1,12.3,2001.0,
1631,1,Downtown,2025-10-28,504,Folder,2,7.84,15.68,2008.0,
1632,1,Downtown,2025-10-26,502,Pen,5,5.45,27.25,2006.0,DISC10
1633,1,Downtown,2025-10-03,505,Marker,3,6.39,19.17,2006.0,
1634,1,Downtown,2025-10-28,506,Highlighter,5,2.01,10.05,2006.0,DISC20
1635,1,Downtown,2025-10-26,504,Folder,2,6.0,12.0,2005.0,DISC10
1636,2,Suburb,2025-10-29,505,Marker,3,3.07,9.21,2007.0,DISC20
1637,1,Downtown,2025-10-08,505,Marker,3,8.68,26.04,,DISC10
1638,2,Suburb,2025-10-18,504,Folder,3,8.31,24.93,2001.0,
1639,2,Suburb,2025-10-06,501,Notebook,3,9.42,28.26,,
1640,1,Downtown,2025-10-26,506,Highlighter,5,6.72,33.6,2006.0,DISC10
1641,3,Airport,2025-10-21,504,Folder,4,7.85,31.4,2003.0,
1642,1,Downtown,2025-10-28,501,Notebook,5,2.97,14.85,2005.0,
1643,1,Downtown,2025-10-03,505,Marker,4,0.87,3.48,2001.0,
1644,2,Suburb,2025-10-27,505,Marker,5,8.34,41.7,2001.0,DISC20
1645,1,Downtown,2025-10-22,505,Marker,3,9.99,29.97,2002.0,
1646,3,Airport,2025-10-03,505,Marker,5,1.74,8.7,2003.0,DISC20
1647,3,Airport,2025-10-21,503,Stapler,3,0.63,1.89,2004.0,DISC20
1648,2,Suburb,2025-10-06,506,Highlighter,2,7.21,14.42,2003.0,DISC20
1649,2,Suburb,2025-10-03,503,Stapler,5,8.71,43.55,2002.0,
1650,1,Downtown,2025-10-29,503,Stapler,3,6.92,20.76,2008.0,
1651,3,Airport,2025-10-23,503,Stapler,2,3.75,7.5,2004.0,DISC20
1652,1,Downtown,2025-10-19,505,Marker,4,5.19,20.76,2005.0,
1653,2,Suburb,2025-10-20,506,Highlighter,1,5.29,5.29,2001.0,DISC20
1654,3,Airport,2025-10-22,502,Pen,3,2.09,6.27,2004.0,
1655,3,Airport,2025-10-25,501,Notebook,2,5.77,11.54,,
1656,1,Downtown,2025-10-15,504,Folder,2,6.84,13.68,2001.0,
1657,2,Suburb,2025-10-16,501,Notebook,3,7.15,21.45,2007.0,
1658,2,Suburb,2025-10-06,503,Stapler,4,5.14,20.56,2001.0,
1659,1,Downtown,2025-10-06,502,Pen,4,1.25,5.0,2007.0,
1660,3,Airport,2025-10-22,504,Folder,5,4.52,22.6,,
1661,3,Airport,2025-10-16,506,Highlighter,3,2.51,7.53,2007.0,DISC20
1662,1,Downtown,2025-10-23,501,Notebook,3,2.41,7.23,2004.0,DISC10
1663,1,Downtown,2025-10-15,501,Notebook,5,1.09,5.45,2003.0,
1664,3,Airport,2025-10-21,504,Folder,1,6.86,6.86,2002.0,DISC20
1665,2,Suburb,2025-10-18,504,Folder,2,2.68,5.36,2003.0,DISC10
1666,2,Suburb,2025-10-24,502,Pen,4,4.67,18.68,2003.0,DISC20
1667,1,Downtown,2025-10-30,501,Notebook,4,3.14,12.56,2007.0,DISC20
1668,2,Suburb,2025-10-08,505,Marker,4,8.35,33.4,,
1669,1,Downtown,2025-10-13,504,Folder,5,2.12,10.6,2003.0,DISC10
1670,2,Suburb,2025-10-24,506,Highlighter,2,8.38,16.76,2004.0,DISC10
1671,2,Suburb,2025-10-24,503,Stapler,4,3.1,12.4,2006.0,
1672,1,Downtown,2025-10-23,502,Pen,1,7.29,7.29,2004.0,DISC10
1673,1,Downtown,2025-10-22,505,Marker,1,5.96,5.96,2002.0,
1674,1,Downtown,2025-10-15,502,Pen,5,9.9,49.5,2008.0,
1675,2,Suburb,2025-10-27,505,Marker,2,4.97,9.94,2008.0,
1676,2,Suburb,2025-10-19,504,Folder,1,8.67,8.67,2001.0,
1677,3,Airport,2025-10-25,506,Highlighter,5,8.95,44.75,,
1678,2,Suburb,2025-10-19,505,Marker,1,5.37,5.37,2005.0,
1679,3,Airport,2025-10-08,501,Notebook,5,6.79,33.95,2005.0,
1680,1,Downtown,2025-10-30,503,Stapler,4,5.16,20.64,2005.0,DISC10
1681,2,Suburb,2025-10-29,506,Highlighter,1,7.96,7.96,2002.0,DISC10
1682,3,Airport,2025-10-27,504,Folder,1,7.43,7.43,2004.0,
1683,1,Downtown,2025-10-09,506,Highlighter,5,8.8,44.0,2006.0,
1684,1,Downtown,2025-10-13,502,Pen,2,1.01,2.02,2003.0,
1685,1,Downtown,2025-10-22,504,Folder,1,5.77,5.77,,DISC10
1686,2,Suburb,2025-10-27,505,Marker,3,2.76,8.28,2006.0,
1687,1,Downtown,2025-10-28,501,Notebook,5,1.97,9.85,2001.0,DISC10
1688,3,Airport,2025-10-17,506,Highlighter,5,7.81,39.05,2001.0,
1689,3,Airport,2025-10-21,506,Highlighter,5,0.93,4.65,,DISC20
1690,3,Airport,2025-10-09,504,Folder,2,7.85,15.7,2004.0,
1691,2,Suburb,2025-10-01,501,Notebook,4,9.32,37.28,,
1692,3,Airport,2025-10-11,502,Pen,1,3.69,3.69,,
1693,2,Suburb,2025-10-25,501,Notebook,3,2.15,6.45,,DISC20
1694,2,Suburb,2025-10-30,503,Stapler,3,5.9,17.7,,
1695,2,Suburb,2025-10-29,505,Marker,5,8.43,42.15,2007.0,DISC10
1696,2,Suburb,2025-10-05,505,Marker,3,5.48,16.44,2008.0,
1697,3,Airport,2025-10-19,503,Stapler,1,3.66,3.66,2001.0,DISC20
1698,3,Airport,2025-10-28,503,Stapler,1,6.71,6.71,2007.0,
1699,2,Suburb,2025-10-06,505,Marker,3,5.31,15.93,2005.0,DISC10
1700,1,Downtown,2025-10-11,504,Folder,2,4.83,9.66,,
1701,3,Airport,2025-10-28,506,Highlighter,3,3.46,10.38,2002.0,DISC20
1702,1,Downtown,2025-10-10,502,Pen,1,9.39,9.39,2007.0,DISC10
1703,2,Suburb,2025-10-12,503,Stapler,1,2.78,2.78,2007.0,
1704,3,Airport,2025-10-24,506,Highlighter,5,4.74,23.7,2001.0,DISC20
1705,2,Suburb,2025-10-24,506,Highlighter,2,9.1,18.2,2003.0,DISC10
1706,3,Airport,2025-10-03,505,Marker,3,7.69,23.07,,DISC20
1707,1,Downtown,2025-10-21,504,Folder,2,7.31,14.62,2006.0,DISC10
1708,3,Airport,2025-10-04,501,Notebook,1,7.43,7.43,2002.0,DISC10
1709,1,Downtown,2025-10-25,504,Folder,1,8.31,8.31,2004.0,
1710,1,Downtown,2025-10-20,506,Highlighter,5,5.18,25.9,2003.0,
1711,1,Downtown,2025-10-24,501,Notebook,2,5.69,11.38,,DISC20
1712,3,Airport,2025-10-23,504,Folder,3,9.35,28.05,2002.0,DISC20
1713,2,Suburb,2025-10-10,501,Notebook,4,0.6,2.4,2006.0,DISC20
1714,1,Downtown,2025-10-05,502,Pen,5,1.22,6.1,2004.0,DISC20
1715,1,Downtown,2025-10-06,505,Marker,5,1.14,5.7,2001.0,
1716,3,Airport,2025-10-30,503,Stapler,4,2.62,10.48,2006.0,DISC10
1717,1,Downtown,2025-10-27,505,Marker,5,8.28,41.4,2008.0,DISC10
1718,1,Downtown,2025-10-24,502,Pen,4,0.76,3.04,,
1719,3,Airport,2025-10-01,501,Notebook,1,5.99,5.99,2005.0,DISC10
1720,1,Downtown,2025-10-15,501,Notebook,3,3.83,11.49,2007.0,
1721,1,Downtown,2025-10-22,502,Pen,5,1.3,6.5,,
1722,2,Suburb,2025-10-03,506,Highlighter,5,5.98,29.9,,
1723,3,Airport,2025-10-28,506,Highlighter,5,9.37,46.85,,
1724,2,Suburb,2025-10-26,505,Marker,2,4.37,8.74,2005.0,DISC20
1725,2,Suburb,2025-10-18,504,Folder,1,9.32,9.32,2006.0,
1726,3,Airport,2025-10-15,503,Stapler,3,0.92,2.76,2002.0,
1727,3,Airport,2025-10-19,504,Folder,4,6.97,27.88,2007.0,
1728,1,Downtown,2025-10-17,503,Stapler,2,1.51,3.02,2003.0,
1729,2,Suburb,2025-10-26,506,Highlighter,5,1.17,5.85,2003.0,DISC20
1730,2,Suburb,2025-10-04,505,Marker,2,2.1,4.2,2001.0,DISC20
1731,2,Suburb,2025-10-08,503,Stapler,1,3.47,3.47,2001.0,
1732,3,Airport,2025-10-07,502,Pen,5,6.48,32.4,2002.0,DISC10
1733,2,Suburb,2025-10-18,502,Pen,5,7.92,39.6,2006.0,
1734,2,Suburb,2025-10-11,506,Highlighter,5,6.75,33.75,2005.0,DISC10
1735,1,Downtown,2025-10-14,504,Folder,4,7.8,31.2,2005.0,DISC10
1736,2,Suburb,2025-10-15,502,Pen,1,3.43,3.43,2003.0,DISC20
1737,3,Airport,2025-10-03,502,Pen,3,7.27,21.81,2003.0,
1738,1,Downtown,2025-10-09,503,Stapler,5,8.64,43.2,2007.0,DISC20
1739,2,Suburb,2025-10-01,504,Folder,3,4.82,14.46,2002.0,
1740,3,Airport,2025-10-14,501,Notebook,2,1.64,3.28,2008.0,
1741,3,Airport,2025-10-10,503,Stapler,5,2.62,13.1,2003.0,
1742,2,Suburb,2025-10-13,501,Notebook,2,9.03,18.06,2008.0,DISC10
1743,2,Suburb,2025-10-23,501,Notebook,1,6.79,6.79,2003.0,DISC10
1744,2,Suburb,2025-10-03,503,Stapler,3,8.39,25.17,2005.0,
1745,3,Airport,2025-10-23,501,Notebook,2,9.3,18.6,2001.0,DISC20
1746,3,Airport,2025-10-16,501,Notebook,3,4.23,12.69,2004.0,DISC20
1747,2,Suburb,2025-10-16,506,Highlighter,1,7.98,7.98,2003.0,DISC10
1748,2,Suburb,2025-10-27,503,Stapler,3,5.88,17.64,2007.0,
1749,1,Downtown,2025-10-30,503,Stapler,1,2.61,2.61,,
1750,1,Downtown,2025-10-08,505,Marker,2,1.41,2.82,2005.0,
1751,3,Airport,2025-10-12,505,Marker,2,6.8,13.6,2003.0,
1752,1,Downtown,2025-10-05,505,Marker,3,5.1,15.3,2003.0,DISC20
1753,1,Downtown,2025-10-10,505,Marker,5,7.72,38.6,2003.0,
1754,1,Downtown,2025-10-06,504,Folder,2,4.38,8.76,2001.0,
1755,2,Suburb,2025-10-04,506,Highlighter,5,3.71,18.55,2001.0,
1756,3,Airport,2025-10-30,506,Highlighter,5,3.78,18.9,2003.0,
1757,3,Airport,2025-10-04,501,Notebook,3,4.41,13.23,2005.0,
1758,3,Airport,2025-10-15,501,Notebook,4,6.89,27.56,2003.0,DISC10
1759,2,Suburb,2025-10-05,504,Folder,3,3.92,11.76,2003.0,
1760,2,Suburb,2025-10-13,502,Pen,1,1.98,1.98,2006.0,
1761,3,Airport,2025-10-10,506,Highlighter,3,5.99,17.97,2002.0,
1762,2,Suburb,2025-10-27,504,Folder,2,4.56,9.12,2007.0,
1763,2,Suburb,2025-10-07,505,Marker,3,3.15,9.45,2006.0,
1764,3,Airport,2025-10-26,502,Pen,4,0.88,3.52,,DISC20
1765,1,Downtown,2025-10-15,504,Folder,5,7.77,38.85,2001.0,DISC10
1766,3,Airport,2025-10-26,503,Stapler,2,6.9,13.8,2002.0,
1767,3,Airport,2025-10-10,503,Stapler,1,9.47,9.47,,DISC10
1768,2,Suburb,2025-10-30,504,Folder,4,7.8,31.2,2007.0,
1769,1,Downtown,2025-10-24,501,Notebook,2,2.89,5.78,2005.0,
1770,2,Suburb,2025-10-25,504,Folder,2,0.93,1.86,2008.0,DISC10
1771,2,Suburb,2025-10-25,502,Pen,4,3.65,14.6,2008.0,DISC10
1772,1,Downtown,2025-10-02,504,Folder,4,7.89,31.56,2002.0,
1773,2,Suburb,2025-10-27,502,Pen,1,9.67,9.67,2004.0,
1774,1,Downtown,2025-10-07,505,Marker,2,5.69,11.38,2004.0,DISC10
1775,2,Suburb,2025-10-02,502,Pen,4,1.93,7.72,2005.0,
1776,1,Downtown,2025-10-04,506,Highlighter,5,9.05,45.25,2008.0,
1777,1,Downtown,2025-10-04,504,Folder,2,6.02,12.04,2006.0,
1778,3,Airport,2025-10-16,503,Stapler,5,6.79,33.95,2007.0,DISC20
1779,2,Suburb,2025-10-07,506,Highlighter,4,3.57,14.28,2006.0,
1780,3,Airport,2025-10-14,504,Folder,1,8.4,8.4,2001.0,
1781,1,Downtown,2025-10-27,504,Folder,3,3.34,10.02,,
1782,3,Airport,2025-10-03,501,Notebook,4,2.92,11.68,2005.0,
1783,3,Airport,2025-10-20,503,Stapler,5,5.39,26.95,2005.0,
1784,3,Airport,2025-10-22,502,Pen,5,9.89,49.45,2008.0,
1785,3,Airport,2025-10-11,506,Highlighter,3,5.55,16.65,2002.0,
1786,2,Suburb,2025-10-03,501,Notebook,2,5.03,10.06,,
1787,2,Suburb,2025-10-29,504,Folder,5,7.1,35.5,,DISC20
1788,3,Airport,2025-10-05,503,Stapler,4,7.09,28.36,2003.0,
1789,3,Airport,2025-10-04,503,Stapler,3,7.44,22.32,2008.0,
1790,3,Airport,2025-10-21,505,Marker,3,2.36,7.08,2003.0,DISC10
1791,2,Suburb,2025-10-16,503,Stapler,2,3.33,6.66,2008.0,
1792,3,Airport,2025-10-16,503,Stapler,4,5.0,20.0,2006.0,DISC20
1793,2,Suburb,2025-10-10,503,Stapler,3,0.9,2.7,2002.0,
1794,2,Suburb,2025-10-17,502,Pen,4,9.03,36.12,2007.0,DISC20
1795,2,Suburb,2025-10-15,503,Stapler,5,9.97,49.85,2005.0,
1796,3,Airport,2025-10-19,505,Marker,5,0.7,3.5,2007.0,
1797,1,Downtown,2025-10-25,505,Marker,1,9.68,9.68,2003.0,DISC20
1798,1,Downtown,2025-10-07,506,Highlighter,2,4.42,8.84,2005.0,
1799,3,Airport,2025-10-13,502,Pen,4,6.01,24.04,2008.0,DISC10
1800,1,Downtown,2025-10-22,505,Marker,3,1.23,3.69,2002.0,
1801,1,Downtown,2025-10-03,506,Highlighter,4,4.31,17.24,2007.0,
1802,3,Airport,2025-10-06,502,Pen,3,6.77,20.31,2005.0,
1803,2,Suburb,2025-10-06,501,Notebook,2,7.44,14.88,,DISC10
1804,1,Downtown,2025-10-09,502,Pen,2,2.99,5.98,2001.0,DISC20
1805,1,Downtown,2025-10-01,504,Folder,5,6.92,34.6,2003.0,
1806,3,Airport,2025-10-22,502,Pen,4,5.75,23.0,2001.0,
1807,1,Downtown,2025-10-03,505,Marker,3,3.31,9.93,2003.0,DISC20
1808,3,Airport,2025-10-27,506,Highlighter,1,4.26,4.26,2002.0,DISC20
1809,3,Airport,2025-10-04,505,Marker,1,5.47,5.47,2006.0,
1810,2,Suburb,2025-10-30,506,Highlighter,3,8.02,24.06,2003.0,DISC10
1811,2,Suburb,2025-10-21,505,Marker,1,3.57,3.57,2006.0,DISC10
1812,1,Downtown,2025-10-06,506,Highlighter,4,0.88,3.52,2005.0,DISC20
1813,1,Downtown,2025-10-18,506,Highlighter,5,0.6,3.0,,DISC10
1814,1,Downtown,2025-10-12,506,Highlighter,3,3.75,11.25,2005.0,
1815,3,Airport,2025-10-29,501,Notebook,3,1.76,5.28,2001.0,
1816,3,Airport,2025-10-21,504,Folder,2,6.19,12.38,2001.0,
1817,2,Suburb,2025-10-05,502,Pen,1,8.44,8.44,2003.0,DISC20
1818,2,Suburb,2025-10-04,501,Notebook,2,8.1,16.2,2005.0,DISC10
1819,3,Airport,2025-10-06,502,Pen,1,4.73,4.73,2004.0,DISC20
1820,3,Airport,2025-10-14,504,Folder,4,0.64,2.56,,
1821,2,Suburb,2025-10-13,506,Highlighter,5,6.24,31.2,2004.0,DISC20
1822,2,Suburb,2025-10-27,502,Pen,5,0.62,3.1,2002.0,DISC20
1823,2,Suburb,2025-10-28,505,Marker,3,0.99,2.97,2005.0,
1824,1,Downtown,2025-10-19,503,Stapler,2,1.88,3.76,2003.0,DISC20
1825,1,Downtown,2025-10-03,505,Marker,5,9.95,49.75,2008.0,
1826,2,Suburb,2025-10-13,505,Marker,1,9.22,9.22,2006.0,DISC10
1827,1,Downtown,2025-10-22,501,Notebook,5,4.79,23.95,2007.0,
1828,1,Downtown,2025-10-18,504,Folder,1,1.71,1.71,2008.0,
1829,1,Downtown,2025-10-23,503,Stapler,5,9.52,47.6,2001.0,
1830,3,Airport,2025-10-14,504,Folder,2,6.89,13.78,2008.0,
1831,3,Airport,2025-10-24,503,Stapler,1,4.45,4.45,2003.0,
1832,1,Downtown,2025-10-04,506,Highlighter,1,1.44,1.44,2002.0,DISC10
1833,2,Suburb,2025-10-16,506,Highlighter,5,2.75,13.75,2008.0,
1834,2,Suburb,2025-10-18,502,Pen,2,6.08,12.16,2001.0,
1835,3,Airport,2025-10-13,502,Pen,1,6.65,6.65,2002.0,DISC20
1836,3,Airport,2025-10-21,502,Pen,5,2.63,13.15,2008.0,
1837,3,Airport,2025-10-11,506,Highlighter,3,3.67,11.01,2006.0,
1838,3,Airport,2025-10-01,503,Stapler,4,8.14,32.56,,
1839,2,Suburb,2025-10-03,502,Pen,3,4.87,14.61,2005.0,
1840,2,Suburb,2025-10-23,504,Folder,4,6.92,27.68,2007.0,
1841,3,Airport,2025-10-23,506,Highlighter,5,4.62,23.1,2004.0,
1842,1,Downtown,2025-10-01,506,Highlighter,3,6.86,20.58,2006.0,
1843,3,Airport,2025-10-18,501,Notebook,5,4.98,24.9,2006.0,DISC20
1844,1,Downtown,2025-10-12,502,Pen,3,8.36,25.08,2002.0,DISC10
1845,3,Airport,2025-10-18,504,Folder,3,2.98,8.94,2008.0,
1846,1,Downtown,2025-10-25,505,Marker,2,5.38,10.76,,
1847,1,Downtown,2025-10-22,505,Marker,4,6.19,24.76,2008.0,DISC10
1848,1,Downtown,2025-10-26,502,Pen,1,5.21,5.21,2008.0,
1849,2,Suburb,2025-10-06,505,Marker,3,6.06,18.18,2007.0,DISC20
1850,3,Airport,2025-10-21,503,Stapler,1,1.37,1.37,2001.0,
1851,1,Downtown,2025-10-24,505,Marker,3,9.02,27.06,2003.0,
1852,1,Downtown,2025-10-17,504,Folder,3,6.09,18.27,2001.0,
1853,3,Airport,2025-10-23,503,Stapler,1,7.62,7.62,2002.0,
1854,1,Downtown,2025-10-10,503,Stapler,1,3.05,3.05,2007.0,DISC10
1855,2,Suburb,2025-10-25,505,Marker,5,6.09,30.45,2005.0,
1856,3,Airport,2025-10-07,502,Pen,2,5.42,10.84,2003.0,DISC10
1857,1,Downtown,2025-10-09,504,Folder,1,3.43,3.43,2003.0,
1858,3,Airport,2025-10-03,501,Notebook,4,7.22,28.88,2004.0,
1859,3,Airport,2025-10-18,502,Pen,5,9.35,46.75,2008.0,DISC20
1860,3,Airport,2025-10-14,501,Notebook,5,0.51,2.55,2004.0,
1861,2,Suburb,2025-10-13,504,Folder,5,6.91,34.55,2007.0,
1862,3,Airport,2025-10-02,506,Highlighter,4,2.49,9.96,2007.0,
1863,3,Airport,2025-10-29,506,Highlighter,2,7.93,15.86,2006.0,
1864,3,Airport,2025-10-18,504,Folder,4,1.02,4.08,2001.0,
1865,1,Downtown,2025-10-26,504,Folder,2,7.4,14.8,2002.0,DISC10
1866,3,Airport,2025-10-18,503,Stapler,4,7.58,30.32,2002.0,DISC20
1867,3,Airport,2025-10-30,506,Highlighter,1,4.02,4.02,2008.0,
1868,3,Airport,2025-10-03,506,Highlighter,1,6.75,6.75,2003.0,DISC20
1869,1,Downtown,2025-10-25,506,Highlighter,3,2.86,8.58,2003.0,DISC20
1870,2,Suburb,2025-10-17,505,Marker,5,8.78,43.9,2001.0,
1871,1,Downtown,2025-10-06,502,Pen,5,3.62,18.1,2006.0,
1872,2,Suburb,2025-10-24,503,Stapler,2,2.81,5.62,2001.0,
1873,3,Airport,2025-10-11,506,Highlighter,5,1.8,9.0,2004.0,DISC20
1874,3,Airport,2025-10-20,506,Highlighter,3,8.13,24.39,,
1875,3,Airport,2025-10-08,506,Highlighter,4,6.44,25.76,2002.0,
1876,3,Airport,2025-10-27,501,Notebook,3,2.57,7.71,2006.0,
1877,3,Airport,2025-10-09,503,Stapler,3,6.93,20.79,,DISC10
1878,3,Airport,2025-10-04,505,Marker,1,3.42,3.42,,DISC20
1879,1,Downtown,2025-10-16,503,Stapler,4,9.37,37.48,2002.0,
1880,2,Suburb,2025-10-16,505,Marker,5,3.95,19.75,,
1881,3,Airport,2025-10-18,502,Pen,2,0.95,1.9,2005.0,DISC20
1882,3,Airport,2025-10-18,504,Folder,3,6.48,19.44,2008.0,DISC10
1883,1,Downtown,2025-10-30,504,Folder,1,2.6,2.6,2001.0,
1884,2,Suburb,2025-10-25,505,Marker,2,2.09,4.18,2006.0,
1885,3,Airport,2025-10-29,501,Notebook,3,2.87,8.61,,
1886,2,Suburb,2025-10-25,506,Highlighter,5,4.95,24.75,2004.0,DISC20
1887,1,Downtown,2025-10-16,502,Pen,2,6.9,13.8,,DISC10
1888,3,Airport,2025-10-02,504,Folder,5,6.78,33.9,2005.0,
1889,3,Airport,2025-10-25,505,Marker,5,9.25,46.25,2002.0,
1890,1,Downtown,2025-10-08,501,Notebook,5,8.69,43.45,2001.0,
1891,3,Airport,2025-10-04,506,Highlighter,2,2.09,4.18,2005.0,DISC20
1892,2,Suburb,2025-10-01,502,Pen,1,2.7,2.7,,
1893,1,Downtown,2025-10-18,503,Stapler,3,7.57,22.71,,
1894,2,Suburb,2025-10-09,504,Folder,4,9.95,39.8,2001.0,DISC10
1895,2,Suburb,2025-10-24,501,Notebook,5,1.27,6.35,2005.0,
1896,1,Downtown,2025-10-05,503,Stapler,5,5.33,26.65,2001.0,DISC20
1897,2,Suburb,2025-10-26,502,Pen,2,0.86,1.72,2006.0,DISC10
1898,2,Suburb,2025-10-07,506,Highlighter,2,5.61,11.22,,
1899,2,Suburb,2025-10-11,505,Marker,5,5.58,27.9,2008.0,DISC20
1900,3,Airport,2025-10-12,502,Pen,3,1.66,4.98,2005.0,
1901,3,Airport,2025-10-06,501,Notebook,1,1.8,1.8,2006.0,DISC20
1902,2,Suburb,2025-10-25,504,Folder,3,3.95,11.85,2005.0,DISC20
1903,2,Suburb,2025-10-29,503,Stapler,1,5.6,5.6,,DISC10
1904,3,Airport,2025-10-26,501,Notebook,1,8.52,8.52,2007.0,DISC20
1905,3,Airport,2025-10-19,501,Notebook,4,0.7,2.8,2001.0,
1906,1,Downtown,2025-10-20,505,Marker,5,1.63,8.15,,DISC20
1907,1,Downtown,2025-10-27,505,Marker,5,1.82,9.1,2005.0,DISC10
1908,1,Downtown,2025-10-04,502,Pen,3,0.64,1.92,2006.0,
1909,1,Downtown,2025-10-07,504,Folder,2,4.08,8.16,2003.0,DISC20
1910,2,Suburb,2025-10-10,502,Pen,5,4.75,23.75,2005.0,
1911,1,Downtown,2025-10-22,505,Marker,2,1.33,2.66,2001.0,
1912,1,Downtown,2025-10-23,502,Pen,5,9.58,47.9,,
1913,1,Downtown,2025-10-23,503,Stapler,1,7.21,7.21,2001.0,DISC10
1914,1,Downtown,2025-10-16,506,Highlighter,5,3.75,18.75,2002.0,
1915,2,Suburb,2025-10-01,501,Notebook,1,9.22,9.22,2002.0,DISC10
1916,3,Airport,2025-10-18,503,Stapler,1,3.68,3.68,2003.0,DISC10
1917,3,Airport,2025-10-26,502,Pen,4,5.74,22.96,,
1918,2,Suburb,2025-10-19,502,Pen,3,6.61,19.83,2007.0,
1919,3,Airport,2025-10-30,503,Stapler,4,2.44,9.76,2001.0,DISC10
1920,2,Suburb,2025-10-04,502,Pen,5,3.76,18.8,2006.0,
1921,2,Suburb,2025-10-26,501,Notebook,3,1.03,3.09,2004.0,DISC20
1922,1,Downtown,2025-10-06,501,Notebook,5,5.68,28.4,2007.0,
1923,1,Downtown,2025-10-24,505,Marker,1,0.56,0.56,2008.0,
1924,2,Suburb,2025-10-24,501,Notebook,4,9.3,37.2,2004.0,DISC10
1925,2,Suburb,2025-10-08,502,Pen,3,2.78,8.34,2001.0,
1926,2,Suburb,2025-10-13,501,Notebook,2,7.42,14.84,2003.0,
1927,1,Downtown,2025-10-18,501,Notebook,1,8.96,8.96,2003.0,DISC10
1928,3,Airport,2025-10-20,503,Stapler,4,0.97,3.88,2004.0,DISC20
1929,2,Suburb,2025-10-20,502,Pen,1,7.07,7.07,,DISC10
1930,1,Downtown,2025-10-03,502,Pen,1,9.14,9.14,,
1931,1,Downtown,2025-10-12,501,Notebook,3,4.62,13.86,2006.0,DISC10
1932,3,Airport,2025-10-08,504,Folder,4,9.44,37.76,2006.0,
1933,1,Downtown,2025-10-22,506,Highlighter,1,0.99,0.99,2005.0,DISC10
1934,1,Downtown,2025-10-07,504,Folder,4,2.27,9.08,2008.0,DISC20
1935,2,Suburb,2025-10-26,506,Highlighter,1,7.61,7.61,2003.0,DISC20
1936,1,Downtown,2025-10-26,503,Stapler,2,4.56,9.12,,
1937,2,Suburb,2025-10-12,501,Notebook,5,6.37,31.85,2001.0,
1938,2,Suburb,2025-10-21,504,Folder,4,1.01,4.04,2008.0,
1939,3,Airport,2025-10-17,506,Highlighter,4,7.51,30.04,2003.0,DISC20
1940,2,Suburb,2025-10-03,504,Folder,2,8.63,17.26,2002.0,DISC10
1941,1,Downtown,2025-10-14,506,Highlighter,5,9.03,45.15,2005.0,DISC10
1942,3,Airport,2025-10-22,506,Highlighter,5,4.24,21.2,2006.0,DISC20
1943,2,Suburb,2025-10-20,503,Stapler,5,1.34,6.7,2006.0,DISC20
1944,1,Downtown,2025-10-11,503,Stapler,2,7.53,15.06,2004.0,
1945,1,Downtown,2025-10-15,503,Stapler,5,3.22,16.1,2004.0,
1946,1,Downtown,2025-10-11,506,Highlighter,2,6.84,13.68,2002.0,DISC10
1947,2,Suburb,2025-10-12,506,Highlighter,2,1.0,2.0,,
1948,3,Airport,2025-10-30,503,Stapler,1,5.86,5.86,2003.0,DISC10
1949,1,Downtown,2025-10-02,502,Pen,5,6.36,31.8,2003.0,DISC10
1950,1,Downtown,2025-10-19,502,Pen,4,7.74,30.96,2001.0,
1951,3,Airport,2025-10-11,501,Notebook,4,5.15,20.6,2007.0,DISC10
1952,3,Airport,2025-10-28,505,Marker,4,2.38,9.52,2003.0,
1953,1,Downtown,2025-10-10,504,Folder,5,6.75,33.75,2005.0,DISC10
1954,1,Downtown,2025-10-22,505,Marker,4,3.8,15.2,2006.0,
1955,3,Airport,2025-10-07,501,Notebook,1,7.38,7.38,2005.0,
1956,2,Suburb,2025-10-12,502,Pen,2,0.97,1.94,2002.0,DISC10
1957,2,Suburb,2025-10-24,503,Stapler,2,6.89,13.78,2004.0,
1958,1,Downtown,2025-10-30,501,Notebook,3,7.94,23.82,2008.0,
1959,2,Suburb,2025-10-27,502,Pen,1,7.8,7.8,2008.0,DISC20
1960,3,Airport,2025-10-02,501,Notebook,4,4.54,18.16,2006.0,
1961,3,Airport,2025-10-07,501,Notebook,5,2.88,14.4,,
1962,2,Suburb,2025-10-20,503,Stapler,3,5.99,17.97,2005.0,DISC10
1963,2,Suburb,2025-10-30,505,Marker,4,2.7,10.8,2006.0,
1964,1,Downtown,2025-10-11,502,Pen,2,5.86,11.72,,
1965,1,Downtown,2025-10-04,502,Pen,3,7.01,21.03,2002.0,DISC10
1966,3,Airport,2025-10-27,506,Highlighter,1,1.41,1.41,2001.0,
1967,1,Downtown,2025-10-08,502,Pen,1,5.7,5.7,2005.0,
1968,3,Airport,2025-10-29,503,Stapler,2,5.4,10.8,2001.0,DISC20
1969,2,Suburb,2025-10-13,505,Marker,4,1.26,5.04,2004.0,DISC10
1970,2,Suburb,2025-10-24,504,Folder,4,8.12,32.48,2004.0,
1971,1,Downtown,2025-10-11,502,Pen,4,6.42,25.68,2004.0,DISC10
1972,3,Airport,2025-10-10,504,Folder,3,3.36,10.08,2003.0,
1973,2,Suburb,2025-10-01,504,Folder,3,7.11,21.33,2004.0,
1974,1,Downtown,2025-10-16,505,Marker,5,4.71,23.55,2006.0,
1975,3,Airport,2025-10-27,506,Highlighter,5,9.87,49.35,2007.0,
1976,2,Suburb,2025-10-25,504,Folder,4,4.13,16.52,,
1977,1,Downtown,2025-10-12,505,Marker,4,4.19,16.76,2007.0,DISC20
1978,1,Downtown,2025-10-02,506,Highlighter,2,7.64,15.28,2005.0,
1979,1,Downtown,2025-10-01,501,Notebook,5,9.33,46.65,2008.0,
1980,1,Downtown,2025-10-19,506,Highlighter,3,2.43,7.29,2005.0,
1981,3,Airport,2025-10-18,504,Folder,1,4.35,4.35,2001.0,
1982,1,Downtown,2025-10-03,501,Notebook,5,8.58,42.9,2002.0,
1983,3,Airport,2025-10-02,501,Notebook,4,5.15,20.6,2001.0,
1984,2,Suburb,2025-10-16,504,Folder,4,3.35,13.4,,DISC10
1985,1,Downtown,2025-10-16,503,Stapler,3,8.72,26.16,2005.0,DISC10
1986,1,Downtown,2025-10-30,506,Highlighter,4,7.16,28.64,2008.0,
1987,3,Airport,2025-10-23,502,Pen,1,7.07,7.07,2006.0,DISC20
1988,3,Airport,2025-10-02,501,Notebook,4,3.92,15.68,2008.0,
1989,3,Airport,2025-10-27,504,Folder,4,5.02,20.08,2002.0,
1990,2,Suburb,2025-10-18,501,Notebook,2,5.07,10.14,,
1991,3,Airport,2025-10-21,504,Folder,4,2.44,9.76,2006.0,
1992,3,Airport,2025-10-23,504,Folder,5,4.32,21.6,,DISC10
1993,1,Downtown,2025-10-13,503,Stapler,5,2.33,11.65,2003.0,
1994,3,Airport,2025-10-13,504,Folder,1,2.08,2.08,2003.0,DISC20
1995,2,Suburb,2025-10-02,505,Marker,2,4.84,9.68,2008.0,
1996,3,Airport,2025-10-05,502,Pen,2,2.92,5.84,2002.0,
1997,1,Downtown,2025-10-28,501,Notebook,5,7.78,38.9,,
1998,1,Downtown,2025-10-05,502,Pen,1,2.29,2.29,2003.0,
1999,2,Suburb,2025-10-11,503,Stapler,4,5.84,23.36,2007.0,
2000,2,Suburb,2025-10-29,503,Stapler,1,9.87,9.87,2005.0,
