return_id,order_id,product_id,return_date,return_reason,refund_amount
R9000,O103443,P1247,2025-07-13,Customer Dissatisfied,31372
R9001,O104834,P1286,2025-04-10,Wrong Item,1267
R9002,O105138,P1027,2024-12-02,Damaged,20212
R9003,O101496,P1177,2024-09-06,Wrong Item,4568
R9004,O101774,P1275,2024-08-11,Damaged,44044
R9005,O109242,P1265,2025-11-26,Wrong Item,47968
R9006,O107301,P1087,2025-04-12,Wrong Item,20248
R9007,O109048,P1141,2025-03-11,Customer Dissatisfied,16821
R9008,O100466,P1162,2024-09-18,Damaged,8893
R9009,O106771,P1241,2024-12-23,Wrong Item,97335
R9010,O100732,P1127,2025-10-13,Damaged,11658
R9011,O108423,P1009,2025-06-06,Customer Dissatisfied,63268
R9012,O107864,P1259,2025-04-19,Customer Dissatisfied,27994
R9013,O109202,P1079,2025-03-12,Wrong Item,27477
R9014,O105029,P1173,2024-01-13,Wrong Item,36980
R9015,O106369,P1052,2025-02-11,Damaged,27482
R9016,O108141,P1274,2025-04-08,Customer Dissatisfied,62184
R9017,O109042,P1008,2025-10-08,Wrong Item,22978
R9018,O108459,P1183,2025-08-03,Customer Dissatisfied,9417
R9019,O102559,P1211,2025-08-12,Customer Dissatisfied,52656
R9020,O105963,P1015,2024-03-31,Wrong Item,38984
R9021,O104103,P1298,2025-07-31,Damaged,28352
R9022,O104735,P1163,2024-12-27,Wrong Item,35772
R9023,O108129,P1186,2025-12-13,Wrong Item,74915
R9024,O102128,P1174,2024-11-17,Damaged,106735
R9025,O107244,P1196,2025-07-30,Customer Dissatisfied,68460
R9026,O105716,P1053,2024-07-19,Wrong Item,3129
R9027,O105664,P1230,2025-01-06,Wrong Item,48300
R9028,O106563,P1292,2025-02-11,Wrong Item,46428
R9029,O103254,P1128,2025-06-11,Customer Dissatisfied,30234
R9030,O103008,P1114,2025-11-18,Damaged,75570
R9031,O103170,P1120,2025-07-06,Customer Dissatisfied,20523
R9032,O107072,P1019,2024-02-23,Damaged,55025
R9033,O109646,P1244,2025-09-25,Customer Dissatisfied,17319
R9034,O107012,P1044,2025-05-24,Wrong Item,11357
R9035,O101193,P1079,2024-05-12,Customer Dissatisfied,45795
R9036,O103335,P1180,2024-08-13,Customer Dissatisfied,20388
R9037,O107409,P1142,2024-10-11,Wrong Item,44044
R9038,O104090,P1185,2024-03-18,Damaged,38140
R9039,O109532,P1091,2024-02-08,Damaged,38352
R9040,O109345,P1043,2024-01-08,Customer Dissatisfied,50550
R9041,O102756,P1066,2024-06-16,Wrong Item,88565
R9042,O105301,P1130,2025-01-20,Damaged,37576
R9043,O107148,P1014,2025-08-15,Wrong Item,20574
R9044,O104413,P1159,2025-07-25,Wrong Item,18152
R9045,O107145,P1001,2025-11-30,Customer Dissatisfied,77830
R9046,O104278,P1225,2024-12-16,Customer Dissatisfied,29220
R9047,O102889,P1255,2024-01-24,Wrong Item,74255
R9048,O103807,P1240,2024-02-20,Damaged,45630
R9049,O100613,P1253,2024-07-08,Wrong Item,61815
R9050,O109001,P1131,2024-03-28,Wrong Item,20406
R9051,O107761,P1262,2025-11-24,Wrong Item,34434
R9052,O102905,P1010,2024-02-06,Damaged,35304
R9053,O103820,P1021,2025-12-19,Damaged,22940
R9054,O108395,P1262,2024-11-22,Damaged,45912
R9055,O103913,P1056,2024-06-24,Customer Dissatisfied,68916
R9056,O104605,P1208,2024-07-24,Customer Dissatisfied,22530
R9057,O100067,P1006,2024-12-17,Customer Dissatisfied,71780
R9058,O107604,P1001,2025-12-18,Damaged,46698
R9059,O103483,P1027,2025-07-21,Wrong Item,25265
R9060,O103785,P1008,2025-03-27,Customer Dissatisfied,57445
R9061,O109335,P1096,2024-06-04,Customer Dissatisfied,50853
R9062,O103291,P1279,2025-07-05,Wrong Item,23596
R9063,O104076,P1006,2025-09-12,Damaged,35890
R9064,O104739,P1090,2025-06-12,Damaged,6496
R9065,O101112,P1255,2025-07-19,Damaged,44553
R9066,O103873,P1195,2025-06-26,Damaged,2809
R9067,O105709,P1167,2025-06-11,Damaged,43062
R9068,O109372,P1164,2024-07-22,Damaged,23100
R9069,O106100,P1276,2024-04-02,Wrong Item,53076
R9070,O102112,P1295,2025-11-14,Customer Dissatisfied,16685
R9071,O100630,P1064,2025-11-13,Wrong Item,66975
R9072,O107639,P1146,2024-01-21,Wrong Item,26606
R9073,O107387,P1187,2024-02-27,Wrong Item,54375
R9074,O102395,P1035,2024-11-26,Damaged,109010
R9075,O106459,P1124,2024-10-13,Damaged,74772
R9076,O103899,P1017,2025-06-24,Customer Dissatisfied,16288
R9077,O101012,P1022,2025-04-10,Customer Dissatisfied,58132
R9078,O103905,P1216,2025-01-21,Damaged,79968
R9079,O108225,P1084,2025-12-07,Customer Dissatisfied,75868
R9080,O109838,P1268,2025-09-27,Damaged,17310
R9081,O109678,P1241,2024-06-20,Wrong Item,58401
R9082,O106793,P1220,2024-02-11,Wrong Item,46452
R9083,O105351,P1089,2024-06-15,Damaged,18424
R9084,O103102,P1009,2025-03-09,Customer Dissatisfied,63268
R9085,O100255,P1294,2025-09-13,Wrong Item,32728
R9086,O105605,P1269,2025-02-07,Wrong Item,23420
R9087,O103792,P1172,2024-12-07,Damaged,63424
R9088,O104690,P1250,2024-11-06,Wrong Item,18984
R9089,O102286,P1056,2024-07-07,Wrong Item,86145
R9090,O106155,P1226,2025-02-05,Wrong Item,76896
R9091,O102421,P1066,2025-09-13,Customer Dissatisfied,35426
R9092,O102673,P1297,2024-02-04,Damaged,101535
R9093,O102502,P1129,2025-08-04,Customer Dissatisfied,22356
R9094,O109545,P1184,2025-05-02,Damaged,23546
R9095,O101109,P1071,2024-12-09,Damaged,20344
R9096,O106218,P1248,2025-11-11,Wrong Item,40440
R9097,O101753,P1240,2024-03-02,Damaged,36504
R9098,O109409,P1178,2025-06-02,Wrong Item,34540
R9099,O100509,P1226,2024-04-29,Customer Dissatisfied,38448
R9100,O103528,P1236,2025-02-24,Wrong Item,4950
R9101,O105502,P1227,2024-05-15,Damaged,26910
R9102,O108267,P1177,2025-05-12,Wrong Item,9136
R9103,O107213,P1258,2025-08-14,Customer Dissatisfied,43560
R9104,O106703,P1062,2025-10-22,Wrong Item,17006
R9105,O103692,P1011,2025-04-14,Wrong Item,20310
R9106,O105001,P1239,2025-05-04,Wrong Item,102170
R9107,O100192,P1186,2024-12-16,Customer Dissatisfied,29966
R9108,O102302,P1015,2024-12-29,Wrong Item,38984
R9109,O100953,P1157,2025-03-24,Wrong Item,40938
R9110,O100885,P1160,2025-12-15,Customer Dissatisfied,85100
R9111,O107903,P1153,2025-05-10,Damaged,56044
R9112,O104613,P1023,2025-05-06,Wrong Item,44592
R9113,O109166,P1188,2025-11-06,Customer Dissatisfied,45984
R9114,O104908,P1030,2025-09-29,Customer Dissatisfied,11890
R9115,O104813,P1172,2024-10-18,Damaged,79280
R9116,O100092,P1126,2025-07-06,Wrong Item,13666
R9117,O106789,P1195,2024-07-11,Wrong Item,8427
R9118,O107065,P1042,2025-04-14,Damaged,80028
R9119,O108018,P1245,2024-04-26,Damaged,16865
R9120,O107073,P1273,2024-04-21,Wrong Item,52830
R9121,O102864,P1049,2024-01-22,Customer Dissatisfied,4384
R9122,O109411,P1041,2024-07-25,Wrong Item,46335
R9123,O103623,P1152,2025-04-14,Customer Dissatisfied,35211
R9124,O108984,P1187,2025-01-24,Wrong Item,32625
R9125,O100354,P1266,2025-11-22,Wrong Item,15728
R9126,O101028,P1270,2024-02-14,Damaged,59499
R9127,O107086,P1190,2024-08-20,Damaged,45298
R9128,O102513,P1198,2025-08-29,Customer Dissatisfied,4170
R9129,O101267,P1296,2024-06-15,Wrong Item,52980
R9130,O109624,P1104,2025-10-31,Wrong Item,56223
R9131,O108315,P1199,2025-04-07,Wrong Item,87945
R9132,O109730,P1022,2025-02-07,Wrong Item,58132
R9133,O106125,P1183,2025-04-01,Wrong Item,15695
R9134,O109220,P1205,2024-09-03,Customer Dissatisfied,3522
R9135,O103173,P1006,2025-07-09,Damaged,89725
R9136,O102862,P1208,2025-11-06,Wrong Item,33795
R9137,O108339,P1232,2024-04-03,Customer Dissatisfied,12972
R9138,O108113,P1068,2024-11-30,Wrong Item,57620
R9139,O108292,P1053,2025-08-25,Customer Dissatisfied,15645
R9140,O107657,P1005,2025-10-02,Wrong Item,31974
R9141,O107068,P1083,2025-03-03,Damaged,14376
R9142,O109607,P1138,2025-03-20,Wrong Item,44595
R9143,O109424,P1252,2024-05-07,Wrong Item,17202
R9144,O105384,P1021,2025-07-12,Customer Dissatisfied,11470
R9145,O105164,P1013,2024-09-21,Wrong Item,93810
R9146,O100046,P1182,2024-07-08,Damaged,93080
R9147,O106969,P1051,2025-08-11,Wrong Item,32892
R9148,O103293,P1064,2025-10-15,Wrong Item,13395
R9149,O108754,P1228,2024-05-30,Customer Dissatisfied,53368
R9150,O104251,P1037,2025-10-28,Damaged,35032
R9151,O108001,P1137,2024-12-19,Damaged,8938
R9152,O107995,P1030,2025-09-15,Customer Dissatisfied,11890
R9153,O105030,P1021,2024-03-19,Damaged,22940
R9154,O101125,P1249,2024-03-22,Customer Dissatisfied,51435
R9155,O103311,P1021,2025-01-25,Wrong Item,34410
R9156,O104980,P1193,2024-05-08,Damaged,54183
R9157,O102188,P1037,2025-12-11,Customer Dissatisfied,17516
R9158,O104122,P1153,2024-10-28,Wrong Item,28022
R9159,O101665,P1122,2024-10-02,Customer Dissatisfied,9858
R9160,O101293,P1270,2024-12-06,Wrong Item,59499
R9161,O103855,P1030,2025-04-10,Customer Dissatisfied,35670
R9162,O100926,P1068,2024-06-27,Damaged,57620
R9163,O105449,P1243,2025-11-27,Damaged,106125
R9164,O109529,P1190,2025-07-26,Wrong Item,22649
R9165,O104165,P1222,2025-02-03,Wrong Item,75270
R9166,O101685,P1222,2025-04-30,Customer Dissatisfied,30108
R9167,O102523,P1212,2025-10-15,Customer Dissatisfied,21743
R9168,O103015,P1173,2024-12-11,Customer Dissatisfied,7396
R9169,O104776,P1074,2025-03-23,Customer Dissatisfied,26605
R9170,O106235,P1063,2024-07-15,Damaged,70956
R9171,O100291,P1284,2025-09-06,Wrong Item,26554
R9172,O105418,P1017,2025-05-23,Customer Dissatisfied,32576
R9173,O107736,P1096,2024-07-28,Damaged,50853
R9174,O109280,P1048,2025-06-03,Wrong Item,33672
R9175,O104028,P1150,2025-04-16,Customer Dissatisfied,22266
R9176,O106575,P1265,2024-04-29,Wrong Item,11992
R9177,O106988,P1089,2024-08-16,Customer Dissatisfied,18424
R9178,O108348,P1003,2024-03-08,Damaged,5976
R9179,O102959,P1019,2024-03-07,Damaged,33015
R9180,O103864,P1245,2025-06-13,Wrong Item,6746
R9181,O101053,P1103,2024-11-22,Damaged,78756
R9182,O105524,P1229,2024-08-28,Damaged,115345
R9183,O100205,P1163,2024-06-28,Wrong Item,35772
R9184,O102736,P1167,2024-06-14,Wrong Item,71770
R9185,O101484,P1083,2025-12-22,Customer Dissatisfied,14376
R9186,O100052,P1017,2024-07-07,Damaged,16288
R9187,O108735,P1278,2025-01-19,Wrong Item,95065
R9188,O102363,P1044,2024-09-12,Customer Dissatisfied,22714
R9189,O102796,P1103,2025-09-02,Customer Dissatisfied,98445
R9190,O105685,P1021,2024-12-16,Customer Dissatisfied,11470
R9191,O106715,P1251,2025-06-05,Damaged,8279
R9192,O103241,P1207,2024-02-06,Customer Dissatisfied,89395
R9193,O102347,P1185,2024-06-29,Damaged,38140
R9194,O107347,P1077,2025-11-20,Damaged,17682
R9195,O108742,P1134,2024-03-17,Damaged,17272
R9196,O104198,P1136,2024-03-20,Customer Dissatisfied,9813
R9197,O103817,P1074,2025-05-28,Customer Dissatisfied,10642
R9198,O105229,P1005,2024-03-24,Wrong Item,15987
R9199,O101944,P1254,2024-04-06,Damaged,55563
R9200,O105385,P1004,2024-03-24,Customer Dissatisfied,13662
R9201,O104206,P1155,2024-12-09,Wrong Item,45096
R9202,O102228,P1203,2024-01-24,Damaged,51456
R9203,O107748,P1079,2024-12-26,Wrong Item,45795
R9204,O107989,P1039,2024-12-11,Damaged,9486
R9205,O103502,P1203,2024-06-02,Customer Dissatisfied,51456
R9206,O106224,P1233,2025-07-11,Damaged,51332
R9207,O104155,P1147,2024-04-14,Damaged,40424
R9208,O109010,P1122,2025-09-17,Wrong Item,19716
R9209,O103750,P1106,2024-09-24,Wrong Item,16729
R9210,O107463,P1025,2025-06-28,Customer Dissatisfied,41810
R9211,O108275,P1070,2024-05-18,Customer Dissatisfied,11508
R9212,O105136,P1241,2025-04-18,Damaged,19467
R9213,O109351,P1129,2024-02-21,Damaged,5589
R9214,O103895,P1230,2025-02-21,Customer Dissatisfied,48300
R9215,O104215,P1269,2024-05-16,Customer Dissatisfied,9368
R9216,O100082,P1237,2025-02-11,Customer Dissatisfied,63300
R9217,O107859,P1235,2024-04-23,Customer Dissatisfied,21005
R9218,O102783,P1149,2025-03-12,Damaged,49364
R9219,O108346,P1003,2024-01-10,Customer Dissatisfied,4482
R9220,O106132,P1202,2025-03-17,Damaged,63016
R9221,O100449,P1060,2025-11-03,Damaged,41960
R9222,O105522,P1221,2024-02-17,Customer Dissatisfied,17898
R9223,O101416,P1076,2024-06-16,Wrong Item,50853
R9224,O105090,P1285,2025-08-05,Wrong Item,61788
R9225,O100040,P1224,2025-07-01,Wrong Item,108110
R9226,O106116,P1125,2024-09-08,Damaged,24450
R9227,O100708,P1024,2024-02-16,Damaged,77955
R9228,O107892,P1285,2024-04-21,Customer Dissatisfied,61788
R9229,O107590,P1269,2024-02-14,Damaged,4684
R9230,O108998,P1285,2024-04-01,Damaged,61788
R9231,O105495,P1260,2024-05-31,Damaged,9665
R9232,O107420,P1241,2025-02-15,Wrong Item,77868
R9233,O102091,P1114,2024-07-29,Customer Dissatisfied,75570
R9234,O102399,P1079,2025-02-19,Customer Dissatisfied,45795
R9235,O103111,P1078,2024-03-14,Damaged,93556
R9236,O109074,P1226,2024-01-30,Wrong Item,57672
R9237,O107439,P1074,2024-05-23,Damaged,15963
R9238,O101886,P1058,2025-12-30,Damaged,48471
R9239,O107906,P1143,2024-04-27,Damaged,17700
R9240,O107847,P1299,2025-12-15,Damaged,17937
R9241,O101445,P1253,2024-04-05,Customer Dissatisfied,82420
R9242,O109471,P1067,2024-09-24,Wrong Item,74216
R9243,O105550,P1179,2025-06-17,Wrong Item,78364
R9244,O109064,P1286,2025-04-19,Customer Dissatisfied,6335
R9245,O108297,P1077,2025-12-30,Wrong Item,5894
R9246,O101639,P1059,2024-11-06,Damaged,43636
R9247,O103105,P1143,2025-04-09,Customer Dissatisfied,35400
R9248,O102737,P1046,2024-09-25,Wrong Item,22040
R9249,O107632,P1010,2024-09-04,Damaged,35304
R9250,O106752,P1038,2024-05-01,Damaged,22462
R9251,O104504,P1169,2025-04-27,Damaged,5160
R9252,O100372,P1180,2025-05-17,Damaged,20388
R9253,O100421,P1115,2024-09-06,Customer Dissatisfied,81232
R9254,O105295,P1166,2024-11-19,Wrong Item,8200
R9255,O105469,P1150,2025-06-28,Customer Dissatisfied,29688
R9256,O100674,P1169,2025-03-24,Customer Dissatisfied,15480
R9257,O106662,P1006,2024-04-27,Damaged,35890
R9258,O102908,P1007,2024-05-24,Customer Dissatisfied,63876
R9259,O108004,P1142,2025-02-18,Customer Dissatisfied,55055
R9260,O103575,P1046,2024-05-09,Damaged,44080
R9261,O102034,P1145,2025-07-17,Damaged,40485
R9262,O107294,P1148,2025-04-27,Damaged,20462
R9263,O103798,P1097,2024-07-12,Wrong Item,26745
R9264,O101659,P1264,2024-08-18,Damaged,20620
R9265,O100703,P1245,2025-11-28,Wrong Item,13492
R9266,O101929,P1179,2025-09-23,Customer Dissatisfied,39182
R9267,O102565,P1254,2025-03-07,Customer Dissatisfied,92605
R9268,O101388,P1113,2024-08-02,Wrong Item,4534
R9269,O103812,P1059,2025-01-24,Customer Dissatisfied,43636
R9270,O108606,P1119,2025-07-13,Customer Dissatisfied,80132
R9271,O109776,P1259,2025-02-04,Damaged,69985
R9272,O101843,P1040,2025-09-19,Damaged,12615
R9273,O104921,P1280,2025-02-25,Wrong Item,35480
R9274,O104346,P1212,2025-10-20,Wrong Item,21743
R9275,O109159,P1272,2024-01-12,Customer Dissatisfied,108635
R9276,O104717,P1234,2024-08-07,Damaged,21208
R9277,O108834,P1023,2025-04-25,Damaged,11148
R9278,O102546,P1261,2025-06-26,Customer Dissatisfied,22756
R9279,O102334,P1119,2025-04-25,Customer Dissatisfied,60099
R9280,O103809,P1037,2025-01-12,Customer Dissatisfied,70064
R9281,O109183,P1023,2024-12-23,Customer Dissatisfied,44592
R9282,O107483,P1207,2024-03-30,Damaged,35758
R9283,O104408,P1050,2024-08-13,Wrong Item,59930
R9284,O107227,P1188,2025-01-17,Damaged,76640
R9285,O107113,P1134,2024-08-23,Customer Dissatisfied,8636
R9286,O102986,P1048,2025-12-17,Wrong Item,67344
R9287,O106566,P1057,2025-11-24,Customer Dissatisfied,12244
R9288,O104505,P1233,2024-06-04,Wrong Item,38499
R9289,O107204,P1205,2025-02-24,Customer Dissatisfied,17610
R9290,O105770,P1132,2025-09-12,Damaged,96050
R9291,O100300,P1185,2024-09-08,Customer Dissatisfied,30512
R9292,O102656,P1146,2025-09-22,Customer Dissatisfied,66515
R9293,O105943,P1275,2024-05-22,Customer Dissatisfied,44044
R9294,O109300,P1284,2024-11-03,Wrong Item,66385
R9295,O106050,P1169,2025-08-02,Customer Dissatisfied,10320
R9296,O101218,P1266,2025-06-12,Customer Dissatisfied,31456
R9297,O107196,P1039,2024-03-07,Wrong Item,12648
R9298,O103701,P1293,2024-06-11,Wrong Item,59223
R9299,O107043,P1263,2025-09-07,Wrong Item,30256
R9300,O106795,P1144,2025-03-06,Damaged,108020
R9301,O107498,P1060,2025-01-27,Damaged,31470
R9302,O106545,P1082,2025-11-26,Damaged,42435
R9303,O105069,P1224,2025-06-16,Customer Dissatisfied,43244
R9304,O103074,P1262,2025-08-31,Customer Dissatisfied,34434
R9305,O108624,P1025,2024-07-27,Damaged,8362
R9306,O105040,P1233,2024-10-23,Damaged,51332
R9307,O101825,P1225,2025-10-06,Wrong Item,29220
R9308,O106548,P1027,2024-04-11,Wrong Item,10106
R9309,O102132,P1058,2024-01-13,Customer Dissatisfied,48471
R9310,O102929,P1197,2024-11-01,Wrong Item,49485
R9311,O106194,P1085,2024-05-22,Damaged,16941
R9312,O108666,P1292,2025-01-14,Customer Dissatisfied,92856
R9313,O105202,P1272,2024-06-24,Wrong Item,21727
R9314,O106581,P1067,2024-02-07,Damaged,55662
R9315,O107589,P1160,2025-11-12,Damaged,51060
R9316,O101435,P1208,2024-04-08,Damaged,33795
R9317,O106865,P1257,2025-04-03,Damaged,54948
R9318,O104637,P1145,2025-08-30,Wrong Item,26990
R9319,O106404,P1079,2024-08-25,Wrong Item,9159
R9320,O109524,P1220,2024-04-21,Wrong Item,30968
R9321,O100685,P1174,2025-08-02,Customer Dissatisfied,64041
R9322,O102915,P1009,2024-04-16,Damaged,79085
R9323,O108473,P1296,2024-07-28,Wrong Item,10596
R9324,O100385,P1199,2024-12-16,Wrong Item,70356
R9325,O107216,P1216,2025-09-18,Damaged,79968
R9326,O107541,P1280,2025-07-17,Wrong Item,70960
R9327,O109311,P1223,2025-03-06,Customer Dissatisfied,18916
R9328,O103362,P1114,2025-12-07,Customer Dissatisfied,30228
R9329,O108839,P1274,2024-08-15,Damaged,20728
R9330,O102013,P1149,2024-12-13,Customer Dissatisfied,24682
R9331,O102225,P1039,2024-09-10,Damaged,3162
R9332,O104129,P1182,2024-06-07,Damaged,74464
R9333,O103794,P1146,2025-04-08,Damaged,26606
R9334,O103049,P1175,2024-12-25,Wrong Item,61998
R9335,O101962,P1268,2024-08-02,Wrong Item,28850
R9336,O107470,P1127,2025-03-29,Wrong Item,46632
R9337,O101269,P1176,2025-06-30,Damaged,29948
R9338,O108846,P1280,2025-05-20,Damaged,35480
R9339,O106284,P1044,2024-03-03,Damaged,45428
R9340,O107762,P1179,2025-12-31,Wrong Item,78364
R9341,O109596,P1206,2025-05-02,Damaged,86008
R9342,O106878,P1222,2024-03-14,Damaged,30108
R9343,O107592,P1121,2024-03-26,Customer Dissatisfied,60005
R9344,O107907,P1200,2024-05-25,Wrong Item,7266
R9345,O104020,P1139,2025-03-14,Damaged,21395
R9346,O108254,P1142,2024-11-02,Damaged,33033
R9347,O105846,P1222,2024-03-14,Wrong Item,45162
R9348,O109979,P1142,2025-10-14,Customer Dissatisfied,33033
R9349,O100442,P1233,2024-08-09,Damaged,25666
R9350,O105129,P1243,2025-11-17,Damaged,21225
R9351,O103219,P1263,2025-01-24,Wrong Item,22692
R9352,O106807,P1012,2024-05-16,Wrong Item,40526
R9353,O104833,P1243,2024-06-25,Damaged,21225
R9354,O108822,P1266,2025-07-07,Customer Dissatisfied,15728
R9355,O108050,P1074,2025-05-06,Customer Dissatisfied,21284
R9356,O108833,P1012,2024-07-27,Wrong Item,81052
R9357,O102633,P1092,2025-05-12,Damaged,19568
R9358,O101510,P1216,2025-09-27,Customer Dissatisfied,39984
R9359,O107485,P1113,2024-01-09,Damaged,9068
R9360,O104828,P1035,2024-06-18,Damaged,65406
R9361,O106737,P1075,2024-07-13,Wrong Item,96430
R9362,O105806,P1143,2024-07-14,Damaged,8850
R9363,O102964,P1239,2024-01-08,Damaged,102170
R9364,O109711,P1131,2024-07-07,Wrong Item,61218
R9365,O100375,P1197,2025-01-04,Wrong Item,32990
R9366,O105663,P1256,2024-12-05,Damaged,34184
R9367,O109271,P1128,2024-04-04,Damaged,40312
R9368,O107588,P1274,2024-10-26,Wrong Item,82912
R9369,O108856,P1072,2025-09-23,Damaged,33639
R9370,O104040,P1046,2025-09-17,Damaged,55100
R9371,O100583,P1080,2025-12-23,Wrong Item,26515
R9372,O104166,P1088,2024-05-19,Damaged,85196
R9373,O107961,P1171,2025-03-26,Damaged,101390
R9374,O105840,P1279,2024-02-03,Damaged,11798
R9375,O102175,P1158,2025-01-19,Damaged,93495
R9376,O107904,P1117,2025-04-15,Customer Dissatisfied,53550
R9377,O100768,P1137,2025-06-09,Wrong Item,17876
R9378,O104064,P1038,2024-07-04,Customer Dissatisfied,89848
R9379,O108815,P1181,2025-11-29,Damaged,23115
R9380,O109809,P1236,2024-06-18,Customer Dissatisfied,3300
R9381,O101092,P1285,2025-09-23,Wrong Item,41192
R9382,O108109,P1007,2025-12-19,Wrong Item,31938
R9383,O109462,P1130,2025-08-10,Customer Dissatisfied,9394
R9384,O106875,P1001,2025-02-27,Customer Dissatisfied,31132
R9385,O104507,P1230,2024-05-04,Wrong Item,24150
R9386,O103136,P1265,2025-11-09,Wrong Item,59960
R9387,O103912,P1080,2025-01-28,Wrong Item,10606
R9388,O101044,P1297,2025-06-22,Damaged,101535
R9389,O101315,P1072,2025-09-06,Wrong Item,33639
R9390,O103715,P1123,2025-07-07,Customer Dissatisfied,30696
R9391,O108728,P1175,2024-08-13,Wrong Item,61998
R9392,O105825,P1011,2024-10-05,Customer Dissatisfied,20310
R9393,O107691,P1067,2025-10-08,Customer Dissatisfied,55662
R9394,O106206,P1101,2024-11-25,Wrong Item,51183
R9395,O107800,P1220,2024-04-02,Customer Dissatisfied,46452
R9396,O108534,P1156,2025-10-29,Customer Dissatisfied,14997
R9397,O106395,P1171,2024-01-12,Damaged,60834
R9398,O101263,P1105,2025-04-10,Wrong Item,31944
R9399,O100880,P1225,2025-02-18,Damaged,14610
R9400,O106841,P1218,2025-11-07,Customer Dissatisfied,30708
R9401,O102551,P1255,2025-04-11,Customer Dissatisfied,74255
R9402,O101961,P1132,2024-12-19,Damaged,38420
R9403,O105630,P1090,2025-02-05,Damaged,32480
R9404,O109360,P1090,2025-11-15,Damaged,19488
R9405,O108333,P1149,2024-09-13,Customer Dissatisfied,24682
R9406,O106130,P1030,2024-06-15,Customer Dissatisfied,47560
R9407,O104502,P1102,2025-07-30,Damaged,59025
R9408,O100210,P1105,2025-02-27,Wrong Item,10648
R9409,O104519,P1030,2025-12-07,Customer Dissatisfied,23780
R9410,O106337,P1003,2025-02-21,Wrong Item,4482
R9411,O105510,P1279,2024-11-28,Customer Dissatisfied,11798
R9412,O106333,P1279,2025-01-27,Customer Dissatisfied,29495
R9413,O107265,P1125,2024-04-08,Wrong Item,24450
R9414,O102827,P1249,2024-01-04,Damaged,17145
R9415,O108242,P1262,2024-08-23,Wrong Item,34434
R9416,O105440,P1129,2025-07-03,Customer Dissatisfied,5589
R9417,O105291,P1293,2025-01-05,Customer Dissatisfied,19741
R9418,O109552,P1148,2024-03-23,Damaged,51155
R9419,O104260,P1133,2024-05-12,Wrong Item,28916
R9420,O100937,P1256,2024-12-31,Wrong Item,17092
R9421,O102160,P1124,2024-05-21,Customer Dissatisfied,93465
R9422,O101404,P1260,2024-04-24,Wrong Item,5799
R9423,O108921,P1049,2025-08-06,Wrong Item,4384
R9424,O102047,P1273,2025-11-09,Damaged,70440
R9425,O103939,P1056,2025-04-15,Customer Dissatisfied,68916
R9426,O103318,P1160,2025-01-08,Customer Dissatisfied,85100
R9427,O103979,P1173,2024-06-19,Damaged,22188
R9428,O101422,P1188,2024-01-15,Customer Dissatisfied,30656
R9429,O109550,P1224,2024-12-29,Wrong Item,43244
R9430,O108282,P1148,2024-08-03,Wrong Item,40924
R9431,O107977,P1223,2025-05-04,Customer Dissatisfied,14187
R9432,O104426,P1152,2024-08-20,Customer Dissatisfied,35211
R9433,O100412,P1280,2024-08-01,Damaged,35480
R9434,O100226,P1110,2025-09-17,Customer Dissatisfied,5745
R9435,O106415,P1228,2025-07-28,Wrong Item,53368
R9436,O100847,P1204,2024-02-26,Wrong Item,11025
R9437,O105800,P1019,2024-01-03,Customer Dissatisfied,55025
R9438,O103072,P1115,2024-12-19,Customer Dissatisfied,20308
R9439,O101254,P1221,2025-04-14,Damaged,53694
R9440,O101242,P1028,2025-05-31,Wrong Item,39790
R9441,O103469,P1090,2024-09-24,Wrong Item,12992
R9442,O103694,P1083,2024-07-12,Customer Dissatisfied,35940
R9443,O101360,P1233,2025-11-24,Wrong Item,12833
R9444,O104732,P1139,2025-03-02,Damaged,85580
R9445,O102981,P1201,2025-03-29,Damaged,30010
R9446,O104874,P1215,2024-05-26,Customer Dissatisfied,49275
R9447,O103639,P1258,2024-05-22,Wrong Item,87120
R9448,O100097,P1067,2024-08-22,Wrong Item,37108
R9449,O109636,P1091,2024-06-25,Customer Dissatisfied,25568
R9450,O106023,P1068,2025-11-03,Damaged,46096
R9451,O106336,P1258,2025-07-23,Customer Dissatisfied,87120
R9452,O105067,P1199,2025-11-07,Damaged,87945
R9453,O101282,P1154,2025-03-09,Wrong Item,65236
R9454,O106786,P1094,2024-12-09,Wrong Item,11349
R9455,O104678,P1076,2024-11-23,Wrong Item,84755
R9456,O106156,P1020,2025-11-18,Customer Dissatisfied,50845
R9457,O102942,P1096,2025-01-18,Wrong Item,33902
R9458,O108122,P1077,2024-09-23,Customer Dissatisfied,5894
R9459,O101787,P1263,2025-03-23,Damaged,22692
R9460,O106797,P1251,2024-09-18,Customer Dissatisfied,24837
R9461,O108273,P1184,2024-09-02,Customer Dissatisfied,23546
R9462,O101627,P1236,2025-08-14,Customer Dissatisfied,3300
R9463,O100526,P1156,2024-09-04,Damaged,29994
R9464,O103305,P1131,2025-08-03,Wrong Item,61218
R9465,O101802,P1199,2025-01-03,Customer Dissatisfied,52767
R9466,O101039,P1119,2024-03-11,Wrong Item,100165
R9467,O103844,P1254,2024-05-12,Wrong Item,74084
R9468,O106412,P1174,2025-06-19,Customer Dissatisfied,21347
R9469,O106606,P1252,2024-12-17,Damaged,68808
R9470,O104407,P1069,2024-01-23,Wrong Item,21894
R9471,O102774,P1218,2025-10-17,Wrong Item,76770
R9472,O103200,P1115,2024-11-03,Damaged,81232
R9473,O100408,P1227,2025-08-06,Wrong Item,21528
R9474,O104097,P1281,2024-03-21,Damaged,38193
R9475,O105679,P1129,2024-09-25,Damaged,27945
R9476,O101457,P1193,2025-04-09,Wrong Item,18061
R9477,O108060,P1141,2025-01-24,Wrong Item,28035
R9478,O103801,P1072,2025-03-01,Customer Dissatisfied,33639
R9479,O109794,P1289,2024-11-25,Customer Dissatisfied,81890
R9480,O100472,P1104,2024-07-27,Customer Dissatisfied,56223
R9481,O100050,P1148,2024-12-14,Wrong Item,20462
R9482,O100719,P1085,2025-09-20,Customer Dissatisfied,16941
R9483,O102913,P1061,2025-05-12,Wrong Item,112850
R9484,O103308,P1152,2024-09-26,Damaged,46948
R9485,O105241,P1252,2025-02-22,Customer Dissatisfied,86010
R9486,O104205,P1113,2025-10-17,Damaged,9068
R9487,O108163,P1211,2024-07-26,Damaged,35104
R9488,O100080,P1031,2024-10-23,Damaged,6951
R9489,O102002,P1213,2025-02-26,Customer Dissatisfied,28564
R9490,O101142,P1262,2024-01-16,Damaged,57390
R9491,O104747,P1003,2024-07-05,Wrong Item,4482
R9492,O108462,P1060,2025-06-20,Damaged,10490
R9493,O103740,P1023,2025-10-03,Wrong Item,33444
R9494,O100390,P1294,2024-10-02,Wrong Item,81820
R9495,O104550,P1219,2024-11-30,Damaged,22056
R9496,O105832,P1246,2024-09-07,Wrong Item,68139
R9497,O101052,P1177,2025-08-23,Customer Dissatisfied,18272
R9498,O104113,P1047,2025-12-11,Customer Dissatisfied,12556
R9499,O106857,P1053,2025-11-15,Customer Dissatisfied,12516
R9500,O107205,P1291,2025-06-16,Customer Dissatisfied,37626
R9501,O101096,P1068,2024-11-15,Damaged,57620
R9502,O109441,P1285,2025-11-30,Wrong Item,41192
R9503,O101651,P1125,2024-12-03,Damaged,24450
R9504,O103271,P1229,2025-01-30,Wrong Item,69207
R9505,O103898,P1165,2024-10-06,Customer Dissatisfied,21855
R9506,O102437,P1199,2024-09-04,Wrong Item,35178
R9507,O100819,P1124,2025-06-10,Wrong Item,74772
R9508,O100230,P1121,2025-01-05,Wrong Item,48004
R9509,O101018,P1014,2025-06-05,Wrong Item,34290
R9510,O104172,P1024,2024-10-25,Customer Dissatisfied,31182
R9511,O101008,P1090,2024-10-29,Wrong Item,25984
R9512,O100000,P1203,2024-02-15,Wrong Item,34304
R9513,O102232,P1027,2024-02-28,Damaged,5053
R9514,O109002,P1114,2025-01-12,Customer Dissatisfied,75570
R9515,O101871,P1136,2025-08-14,Damaged,3271
R9516,O105548,P1184,2025-03-18,Damaged,23546
R9517,O101533,P1022,2024-10-17,Damaged,14533
R9518,O101221,P1274,2025-01-05,Damaged,103640
R9519,O102205,P1218,2024-03-24,Damaged,15354
R9520,O102250,P1224,2024-04-20,Damaged,21622
R9521,O102604,P1134,2024-04-08,Customer Dissatisfied,25908
R9522,O103157,P1091,2025-03-29,Customer Dissatisfied,63920
R9523,O100251,P1000,2024-05-18,Damaged,11700
R9524,O108560,P1104,2024-05-25,Damaged,56223
R9525,O105891,P1292,2024-12-30,Customer Dissatisfied,46428
R9526,O102313,P1260,2025-01-21,Damaged,3866
R9527,O104019,P1044,2024-12-19,Damaged,45428
R9528,O108483,P1097,2024-05-01,Customer Dissatisfied,35660
R9529,O105620,P1100,2024-08-11,Customer Dissatisfied,39112
R9530,O105595,P1287,2024-10-28,Damaged,84216
R9531,O106190,P1247,2024-02-22,Wrong Item,15686
R9532,O106288,P1160,2024-03-26,Damaged,34040
R9533,O106592,P1227,2025-05-28,Damaged,10764
R9534,O102806,P1254,2025-12-03,Damaged,92605
R9535,O107850,P1164,2025-12-25,Wrong Item,17325
R9536,O102222,P1070,2025-09-05,Damaged,3836
R9537,O102169,P1217,2025-04-09,Damaged,19740
R9538,O102800,P1150,2025-07-30,Customer Dissatisfied,29688
R9539,O103868,P1058,2024-11-29,Damaged,16157
R9540,O106003,P1215,2025-07-03,Customer Dissatisfied,65700
R9541,O106031,P1224,2024-03-25,Customer Dissatisfied,21622
R9542,O104227,P1020,2024-07-09,Wrong Item,50845
R9543,O105922,P1222,2025-03-02,Customer Dissatisfied,15054
R9544,O102108,P1015,2024-10-16,Damaged,97460
R9545,O105560,P1271,2025-10-12,Damaged,44925
R9546,O100141,P1147,2024-05-21,Damaged,50530
R9547,O108037,P1097,2024-04-09,Damaged,26745
R9548,O100081,P1108,2025-09-07,Customer Dissatisfied,71165
R9549,O100119,P1056,2025-08-06,Customer Dissatisfied,34458
R9550,O105533,P1017,2024-01-31,Damaged,81440
R9551,O101128,P1036,2025-02-09,Damaged,23672
R9552,O104769,P1039,2024-09-29,Customer Dissatisfied,12648
R9553,O102206,P1266,2025-06-19,Damaged,47184
R9554,O102261,P1142,2024-02-19,Customer Dissatisfied,55055
R9555,O102464,P1222,2025-11-19,Wrong Item,60216
R9556,O105331,P1263,2024-06-05,Customer Dissatisfied,7564
R9557,O102499,P1242,2024-09-29,Customer Dissatisfied,69310
R9558,O102790,P1214,2025-02-12,Wrong Item,10921
R9559,O104139,P1216,2024-01-03,Customer Dissatisfied,79968
R9560,O105632,P1002,2024-06-15,Customer Dissatisfied,64437
R9561,O109894,P1110,2024-11-18,Customer Dissatisfied,17235
R9562,O107093,P1225,2025-02-09,Wrong Item,43830
R9563,O106246,P1013,2024-05-09,Damaged,37524
R9564,O101836,P1223,2024-09-16,Wrong Item,9458
R9565,O108123,P1059,2025-04-17,Damaged,21818
R9566,O102304,P1299,2024-04-02,Wrong Item,35874
R9567,O102360,P1160,2024-06-14,Wrong Item,51060
R9568,O102570,P1284,2024-08-27,Damaged,53108
R9569,O106897,P1204,2025-04-07,Wrong Item,14700
R9570,O102725,P1171,2025-12-10,Customer Dissatisfied,40556
R9571,O103018,P1084,2024-07-19,Damaged,37934
R9572,O109494,P1203,2024-10-18,Damaged,34304
R9573,O105760,P1228,2024-01-02,Wrong Item,26684
R9574,O101705,P1034,2025-06-06,Damaged,39112
R9575,O105421,P1021,2024-10-22,Wrong Item,22940
R9576,O103133,P1236,2025-12-06,Damaged,1650
R9577,O101984,P1276,2024-10-31,Damaged,53076
R9578,O102308,P1151,2024-12-01,Customer Dissatisfied,37524
R9579,O100232,P1147,2024-02-17,Damaged,20212
R9580,O107345,P1083,2025-10-15,Damaged,28752
R9581,O105073,P1159,2024-01-12,Customer Dissatisfied,90760
R9582,O106823,P1201,2025-01-24,Customer Dissatisfied,30010
R9583,O108061,P1059,2024-06-04,Wrong Item,21818
R9584,O107538,P1164,2025-05-08,Damaged,23100
R9585,O101986,P1121,2024-10-26,Damaged,60005
R9586,O102031,P1285,2025-01-28,Damaged,82384
R9587,O108220,P1105,2024-06-19,Wrong Item,10648
R9588,O100306,P1185,2025-03-30,Damaged,38140
R9589,O103260,P1167,2025-03-25,Wrong Item,14354
R9590,O109952,P1197,2024-02-07,Damaged,82475
R9591,O103325,P1282,2025-09-03,Customer Dissatisfied,39014
R9592,O100895,P1154,2024-08-31,Customer Dissatisfied,32618
R9593,O107451,P1058,2024-04-15,Wrong Item,16157
R9594,O105020,P1264,2024-06-23,Damaged,25775
R9595,O106423,P1198,2024-03-14,Wrong Item,4170
R9596,O109169,P1008,2025-08-07,Wrong Item,34467
R9597,O100860,P1283,2024-07-16,Wrong Item,35908
R9598,O103017,P1106,2025-05-29,Wrong Item,16729
R9599,O107901,P1089,2024-04-17,Damaged,73696
R9600,O107127,P1243,2024-04-13,Damaged,84900
R9601,O104738,P1059,2024-04-28,Wrong Item,21818
R9602,O108059,P1105,2024-02-05,Customer Dissatisfied,42592
R9603,O102799,P1085,2025-04-13,Wrong Item,28235
R9604,O103038,P1013,2024-08-27,Customer Dissatisfied,56286
R9605,O103153,P1028,2024-06-28,Customer Dissatisfied,31832
R9606,O106272,P1068,2025-06-10,Customer Dissatisfied,23048
R9607,O103814,P1248,2025-02-03,Damaged,53920
R9608,O103509,P1153,2025-12-09,Wrong Item,42033
R9609,O107957,P1197,2025-08-04,Wrong Item,49485
R9610,O101074,P1056,2025-04-21,Wrong Item,51687
R9611,O105728,P1056,2024-02-05,Wrong Item,68916
R9612,O100901,P1185,2024-07-10,Wrong Item,22884
R9613,O100737,P1213,2025-09-10,Customer Dissatisfied,71410
R9614,O107806,P1205,2025-10-11,Damaged,17610
R9615,O106001,P1183,2024-08-01,Damaged,12556
R9616,O104917,P1198,2024-02-19,Damaged,3336
R9617,O102245,P1159,2025-06-06,Damaged,90760
R9618,O100930,P1172,2024-12-09,Damaged,79280
R9619,O103520,P1274,2024-09-10,Wrong Item,82912
R9620,O106518,P1076,2024-06-18,Wrong Item,50853
R9621,O104450,P1118,2025-07-08,Damaged,69420
R9622,O103748,P1234,2025-02-01,Damaged,5302
R9623,O103857,P1255,2025-08-15,Wrong Item,29702
R9624,O109384,P1069,2024-10-20,Wrong Item,43788
R9625,O105985,P1088,2025-02-18,Customer Dissatisfied,106495
R9626,O105041,P1176,2024-11-04,Wrong Item,74870
R9627,O104547,P1216,2024-10-28,Customer Dissatisfied,19992
R9628,O109551,P1039,2025-03-06,Customer Dissatisfied,6324
R9629,O104270,P1016,2024-10-29,Customer Dissatisfied,58010
R9630,O100917,P1253,2025-01-27,Damaged,41210
R9631,O105139,P1143,2025-05-02,Wrong Item,8850
R9632,O107796,P1295,2024-05-03,Customer Dissatisfied,13348
R9633,O100580,P1270,2024-04-20,Damaged,59499
R9634,O101426,P1108,2024-03-18,Wrong Item,56932
R9635,O101936,P1257,2025-08-28,Wrong Item,73264
R9636,O107007,P1015,2025-09-24,Damaged,19492
R9637,O100551,P1038,2024-11-11,Customer Dissatisfied,44924
R9638,O102916,P1000,2024-03-27,Damaged,23400
R9639,O109210,P1045,2025-11-07,Wrong Item,73860
R9640,O101427,P1150,2025-12-25,Customer Dissatisfied,29688
R9641,O108012,P1070,2025-09-18,Wrong Item,15344
R9642,O104370,P1201,2024-05-30,Customer Dissatisfied,6002
R9643,O104436,P1147,2024-05-28,Customer Dissatisfied,10106
R9644,O100730,P1230,2024-10-03,Wrong Item,48300
R9645,O104324,P1096,2025-09-19,Damaged,67804
R9646,O100681,P1204,2025-09-18,Damaged,3675
R9647,O106880,P1214,2024-09-12,Damaged,54605
R9648,O105708,P1279,2024-11-10,Damaged,29495
R9649,O100196,P1285,2024-09-17,Damaged,102980
R9650,O108526,P1078,2025-03-11,Damaged,116945
R9651,O105841,P1132,2024-08-21,Wrong Item,57630
R9652,O100332,P1182,2024-02-16,Wrong Item,55848
R9653,O107166,P1171,2024-12-22,Wrong Item,101390
R9654,O109481,P1278,2024-12-14,Customer Dissatisfied,57039
R9655,O107830,P1273,2024-07-20,Wrong Item,88050
R9656,O107939,P1299,2025-06-27,Wrong Item,89685
R9657,O108215,P1263,2024-09-26,Wrong Item,7564
R9658,O105957,P1282,2024-02-17,Damaged,58521
R9659,O101045,P1260,2025-07-06,Wrong Item,9665
R9660,O105114,P1023,2024-08-21,Customer Dissatisfied,33444
R9661,O108367,P1120,2025-10-21,Damaged,20523
R9662,O105905,P1053,2025-12-05,Wrong Item,15645
R9663,O101652,P1291,2025-05-04,Customer Dissatisfied,25084
R9664,O109103,P1219,2024-04-11,Wrong Item,11028
R9665,O101082,P1220,2024-01-12,Wrong Item,30968
R9666,O100094,P1140,2024-08-20,Wrong Item,55530
R9667,O105528,P1113,2024-08-25,Customer Dissatisfied,11335
R9668,O104560,P1290,2024-06-23,Damaged,5987
R9669,O108243,P1282,2024-10-03,Damaged,58521
R9670,O105490,P1240,2024-02-27,Wrong Item,27378
R9671,O100315,P1173,2024-06-20,Wrong Item,29584
R9672,O109907,P1208,2025-12-27,Wrong Item,56325
R9673,O101900,P1142,2024-06-19,Wrong Item,11011
R9674,O107189,P1081,2025-07-30,Customer Dissatisfied,59440
R9675,O100646,P1105,2025-03-31,Damaged,10648
R9676,O106511,P1116,2024-10-12,Wrong Item,23676
R9677,O107529,P1204,2024-03-07,Wrong Item,11025
R9678,O103757,P1160,2024-03-18,Damaged,85100
R9679,O101240,P1007,2025-09-19,Wrong Item,15969
R9680,O103856,P1294,2025-10-18,Damaged,81820
R9681,O100764,P1108,2025-10-23,Customer Dissatisfied,42699
R9682,O105743,P1027,2026-01-01,Wrong Item,25265
R9683,O107705,P1000,2024-02-09,Damaged,29250
R9684,O102350,P1005,2024-10-25,Wrong Item,79935
R9685,O107979,P1071,2025-03-28,Wrong Item,15258
R9686,O107854,P1276,2024-09-24,Customer Dissatisfied,17692
R9687,O103896,P1210,2024-04-13,Wrong Item,6616
R9688,O102216,P1043,2024-10-10,Customer Dissatisfied,40440
R9689,O100187,P1099,2025-04-17,Damaged,52734
R9690,O100301,P1290,2025-08-10,Wrong Item,17961
R9691,O108813,P1099,2024-04-14,Wrong Item,17578
R9692,O108031,P1000,2024-09-05,Damaged,17550
R9693,O108771,P1074,2024-02-18,Damaged,10642
R9694,O104991,P1234,2024-12-06,Damaged,26510
R9695,O100898,P1038,2025-04-16,Customer Dissatisfied,67386
R9696,O100411,P1212,2024-02-15,Wrong Item,86972
R9697,O103542,P1296,2024-10-01,Customer Dissatisfied,21192
R9698,O100817,P1064,2024-09-28,Damaged,13395
R9699,O100582,P1246,2024-12-11,Damaged,22713
R9700,O108863,P1259,2025-07-19,Damaged,13997
R9701,O106266,P1091,2025-11-05,Customer Dissatisfied,25568
R9702,O101204,P1158,2024-01-24,Damaged,18699
R9703,O105302,P1167,2024-11-25,Wrong Item,14354
R9704,O100581,P1156,2025-12-01,Customer Dissatisfied,59988
R9705,O105497,P1285,2024-03-16,Wrong Item,102980
R9706,O105844,P1218,2025-09-17,Customer Dissatisfied,46062
R9707,O102265,P1184,2024-06-08,Wrong Item,94184
R9708,O103269,P1295,2025-02-01,Wrong Item,10011
R9709,O109085,P1118,2024-11-22,Wrong Item,115700
R9710,O100394,P1212,2025-11-30,Customer Dissatisfied,43486
R9711,O109923,P1132,2024-04-02,Wrong Item,96050
R9712,O105888,P1279,2025-07-06,Customer Dissatisfied,5899
R9713,O103415,P1011,2024-09-13,Customer Dissatisfied,6770
R9714,O107795,P1247,2025-05-20,Wrong Item,62744
R9715,O107578,P1273,2025-10-26,Wrong Item,88050
R9716,O108797,P1267,2024-03-15,Wrong Item,73020
R9717,O109023,P1127,2025-07-16,Damaged,11658
R9718,O102709,P1118,2025-02-16,Damaged,69420
R9719,O106305,P1270,2025-05-12,Customer Dissatisfied,59499
R9720,O107132,P1069,2025-05-26,Customer Dissatisfied,10947
R9721,O107826,P1095,2025-06-24,Customer Dissatisfied,55808
R9722,O103747,P1209,2025-04-05,Damaged,44736
R9723,O105143,P1282,2024-05-31,Customer Dissatisfied,39014
R9724,O103093,P1148,2024-01-18,Customer Dissatisfied,30693
R9725,O103916,P1188,2025-12-11,Damaged,76640
R9726,O105777,P1272,2024-02-17,Damaged,21727
R9727,O101379,P1075,2025-02-20,Customer Dissatisfied,57858
R9728,O107996,P1013,2024-08-26,Damaged,18762
R9729,O108449,P1030,2025-08-24,Wrong Item,47560
R9730,O103107,P1091,2025-02-20,Damaged,12784
R9731,O106078,P1217,2024-01-15,Wrong Item,9870
R9732,O100990,P1056,2025-01-05,Wrong Item,86145
R9733,O104535,P1044,2024-06-23,Wrong Item,45428
R9734,O105951,P1260,2024-12-25,Customer Dissatisfied,1933
R9735,O104484,P1287,2024-09-07,Wrong Item,21054
R9736,O104949,P1213,2024-03-30,Damaged,42846
R9737,O100711,P1081,2025-04-01,Damaged,59440
R9738,O106165,P1024,2025-08-19,Damaged,46773
R9739,O103601,P1171,2024-06-26,Wrong Item,101390
R9740,O104572,P1243,2024-11-09,Customer Dissatisfied,21225
R9741,O106106,P1071,2025-03-08,Damaged,10172
R9742,O108575,P1282,2025-01-28,Wrong Item,58521
R9743,O108786,P1121,2024-10-13,Customer Dissatisfied,12001
R9744,O102022,P1275,2025-01-16,Customer Dissatisfied,88088
R9745,O109175,P1221,2024-10-21,Damaged,17898
R9746,O103399,P1171,2024-09-24,Customer Dissatisfied,81112
R9747,O102501,P1273,2025-02-12,Customer Dissatisfied,35220
R9748,O106742,P1012,2025-05-13,Customer Dissatisfied,20263
R9749,O100437,P1107,2024-11-20,Customer Dissatisfied,7054
R9750,O105334,P1134,2024-10-12,Damaged,17272
R9751,O100360,P1105,2025-10-16,Damaged,10648
R9752,O107651,P1008,2024-10-07,Customer Dissatisfied,34467
R9753,O103626,P1175,2024-12-14,Customer Dissatisfied,82664
R9754,O107650,P1228,2025-04-09,Damaged,40026
R9755,O100496,P1019,2024-07-13,Wrong Item,33015
R9756,O106538,P1143,2024-08-22,Wrong Item,8850
R9757,O105790,P1068,2025-01-29,Wrong Item,11524
R9758,O102677,P1039,2025-10-17,Customer Dissatisfied,12648
R9759,O104961,P1145,2024-03-12,Damaged,13495
R9760,O106371,P1162,2024-01-15,Wrong Item,44465
R9761,O102777,P1227,2025-01-31,Customer Dissatisfied,5382
R9762,O103442,P1212,2025-01-09,Wrong Item,108715
R9763,O101099,P1271,2025-01-18,Damaged,74875
R9764,O107713,P1157,2024-10-24,Damaged,102345
R9765,O108978,P1058,2025-04-12,Wrong Item,64628
R9766,O108508,P1008,2024-09-12,Wrong Item,34467
R9767,O109778,P1266,2024-02-25,Wrong Item,15728
R9768,O102883,P1145,2024-10-25,Customer Dissatisfied,67475
R9769,O101623,P1210,2025-11-30,Damaged,6616
R9770,O107701,P1028,2025-07-01,Wrong Item,23874
R9771,O107368,P1056,2025-01-19,Wrong Item,17229
R9772,O102410,P1294,2025-09-09,Damaged,81820
R9773,O102694,P1221,2025-02-15,Wrong Item,89490
R9774,O101806,P1115,2024-11-11,Damaged,20308
R9775,O103209,P1267,2025-06-24,Wrong Item,43812
R9776,O109700,P1165,2025-08-29,Damaged,43710
R9777,O109059,P1294,2024-08-02,Wrong Item,49092
R9778,O109870,P1054,2025-02-16,Wrong Item,89780
R9779,O102923,P1210,2025-09-18,Customer Dissatisfied,13232
R9780,O104462,P1290,2024-08-07,Customer Dissatisfied,23948
R9781,O105038,P1035,2024-02-10,Damaged,21802
R9782,O106543,P1145,2025-02-23,Wrong Item,26990
R9783,O108751,P1203,2024-10-30,Customer Dissatisfied,85760
R9784,O108561,P1182,2025-08-01,Customer Dissatisfied,93080
R9785,O100263,P1134,2024-11-04,Wrong Item,34544
R9786,O108933,P1145,2025-08-28,Customer Dissatisfied,53980
R9787,O102933,P1184,2025-05-21,Customer Dissatisfied,94184
R9788,O108383,P1105,2025-08-22,Damaged,21296
R9789,O109476,P1113,2025-07-10,Customer Dissatisfied,6801
R9790,O108279,P1271,2025-02-07,Customer Dissatisfied,29950
R9791,O100011,P1217,2024-10-14,Wrong Item,19740
R9792,O101565,P1024,2025-01-19,Wrong Item,46773
R9793,O106456,P1139,2024-01-17,Damaged,21395
R9794,O108479,P1246,2025-11-28,Damaged,113565
R9795,O103097,P1135,2025-02-09,Customer Dissatisfied,93535
R9796,O103973,P1128,2024-10-01,Damaged,50390
R9797,O108762,P1116,2024-12-04,Damaged,11838
R9798,O105386,P1253,2025-08-25,Wrong Item,41210
R9799,O106679,P1155,2025-09-23,Wrong Item,45096
