return_id,order_id,product_id,return_date,return_reason,refund_amount
R9000,O103443,P1247,13-07-2025,Customer Dissatisfied,31372
R9001,O104834,P1286,10-04-2025,Wrong Item,1267
R9002,O105138,P1027,02-12-2024,Damaged,20212
R9003,O101496,P1177,06-09-2024,Wrong Item,-4568
R9004,O101774,P1275,11-08-2024,Damaged,44044
R9005,O109242,P1265,26-11-2025,Wrong Item,47968
R9006,O107301,P1087,12-04-2025,Wrong Item,20248
R9007,O109048,P1141,11-03-2025,Customer Dissatisfied,16821
R9008,O100466,P1162,18-09-2024,Damaged,8893
R9009,O106771,P1241,23-12-2024,Wrong Item,97335
R9010,O100732,P1127,13-10-2025,Damaged,-11658
R9011,O108423,P1009,06-06-2025,Customer Dissatisfied,63268
R9012,O107864,P1259,19-04-2025,Customer Dissatisfied,27994
R9013,O109202,P1079,12-03-2025,Wrong Item,27477
R9014,O105029,P1173,13-01-2024,Wrong Item,36980
R9015,O106369,P1052,11-02-2025,Damaged,27482
R9016,O108141,P1274,08-04-2025,Customer Dissatisfied,62184
R9017,O109042,P1008,08-10-2025,Wrong Item,22978
R9018,O108459,P1183,03-08-2025,Customer Dissatisfied,9417
R9019,O102559,P1211,12-08-2025,Customer Dissatisfied,52656
R9020,O105963,P1015,31-03-2024,Wrong Item,38984
R9021,O104103,P1298,31-07-2025,Damaged,-28352
R9022,O104735,P1163,27-12-2024,Wrong Item,35772
R9023,O108129,P1186,13-12-2025,Wrong Item,74915
R9024,O102128,P1174,17-11-2024,Damaged,106735
R9025,O107244,P1196,30-07-2025,Customer Dissatisfied,68460
R9026,O105716,P1053,19-07-2024,Wrong Item,3129
R9027,O105664,P1230,06-01-2025,Wrong Item,48300
R9028,O106563,P1292,11-02-2025,Wrong Item,46428
R9029,O103254,P1128,11-06-2025,Customer Dissatisfied,30234
R9030,O103008,P1114,18-11-2025,Damaged,75570
R9031,O103170,P1120,06-07-2025,Customer Dissatisfied,20523
R9032,O107072,P1019,23-02-2024,Damaged,55025
R9033,O109646,P1244,25-09-2025,Customer Dissatisfied,17319
R9034,O107012,P1044,24-05-2025,Wrong Item,11357
R9035,O101193,P1079,12-05-2024,Customer Dissatisfied,45795
R9036,O103335,P1180,13-08-2024,Customer Dissatisfied,20388
R9037,O107409,P1142,11-10-2024,Wrong Item,44044
R9038,O104090,P1185,18-03-2024,Damaged,38140
R9039,O109532,P1091,08-02-2024,Damaged,38352
R9040,O109345,P1043,08-01-2024,Customer Dissatisfied,50550
R9041,O102756,P1066,16-06-2024,Wrong Item,88565
R9042,O105301,P1130,20-01-2025,Damaged,37576
R9043,O107148,P1014,15-08-2025,Wrong Item,20574
R9044,O104413,P1159,25-07-2025,Wrong Item,18152
R9045,O107145,P1001,30-11-2025,Customer Dissatisfied,77830
R9046,O104278,P1225,16-12-2024,Customer Dissatisfied,29220
R9047,O102889,P1255,24-01-2024,Wrong Item,74255
R9048,O103807,P1240,20-02-2024,Damaged,45630
R9049,O100613,P1253,08-07-2024,Wrong Item,61815
R9050,O109001,P1131,28-03-2024,Wrong Item,20406
R9051,O107761,P1262,24-11-2025,Wrong Item,34434
R9052,O102905,P1010,06-02-2024,Damaged,35304
R9053,O103820,P1021,19-12-2025,Damaged,22940
R9054,O108395,P1262,22-11-2024,Damaged,45912
R9055,O103913,P1056,24-06-2024,Customer Dissatisfied,68916
R9056,O104605,P1208,24-07-2024,Customer Dissatisfied,22530
R9057,O100067,P1006,17-12-2024,Customer Dissatisfied,71780
R9058,O107604,P1001,18-12-2025,Damaged,46698
R9059,O103483,P1027,21-07-2025,Wrong Item,25265
R9060,O103785,P1008,27-03-2025,Customer Dissatisfied,57445
R9061,O109335,P1096,04-06-2024,Customer Dissatisfied,50853
R9062,O103291,P1279,05-07-2025,Wrong Item,23596
R9063,ORPHAN_3,P1006,12-09-2025,Damaged,35890
R9064,O104739,P1090,12-06-2025,Damaged,6496
R9065,ORPHAN_11,P1255,19-07-2025,Damaged,44553
R9066,ORPHAN_5,P1195,26-06-2025,Damaged,2809
R9067,ORPHAN_14,P1167,11-06-2025,Damaged,43062
R9068,O109372,P1164,22-07-2024,Damaged,23100
R9069,O106100,P1276,02-04-2024,Wrong Item,53076
R9070,O102112,P1295,14-11-2025,Customer Dissatisfied,16685
R9071,O100630,P1064,13-11-2025,Wrong Item,66975
R9072,O107639,P1146,21-01-2024,Wrong Item,26606
R9073,O107387,P1187,27-02-2024,Wrong Item,54375
R9074,O102395,P1035,26-11-2024,Damaged,109010
R9075,O106459,P1124,13-10-2024,Damaged,74772
R9076,O103899,P1017,24-06-2025,Customer Dissatisfied,16288
R9077,O101012,P1022,10-04-2025,Customer Dissatisfied,58132
R9078,O103905,P1216,21-01-2025,Damaged,79968
R9079,O108225,P1084,07-12-2025,Customer Dissatisfied,75868
R9080,O109838,P1268,27-09-2025,Damaged,17310
R9081,O109678,P1241,20-06-2024,Wrong Item,58401
R9082,O106793,P1220,11-02-2024,Wrong Item,46452
R9083,O105351,P1089,15-06-2024,Damaged,18424
R9084,O103102,P1009,09-03-2025,Customer Dissatisfied,63268
R9085,O100255,P1294,13-09-2025,Wrong Item,32728
R9086,O105605,P1269,07-02-2025,Wrong Item,23420
R9087,O103792,P1172,07-12-2024,Damaged,63424
R9088,O104690,P1250,06-11-2024,Wrong Item,18984
R9089,O102286,P1056,07-07-2024,Wrong Item,86145
R9090,O106155,P1226,05-02-2025,Wrong Item,76896
R9091,O102421,P1066,13-09-2025,Customer Dissatisfied,35426
R9092,O102673,P1297,04-02-2024,Damaged,101535
R9093,O102502,P1129,04-08-2025,Customer Dissatisfied,-22356
R9094,O109545,P1184,02-05-2025,Damaged,23546
R9095,O101109,P1071,09-12-2024,Damaged,20344
R9096,O106218,P1248,11-11-2025,Wrong Item,40440
R9097,O101753,P1240,02-03-2024,Damaged,36504
R9098,O109409,P1178,02-06-2025,Wrong Item,34540
R9099,O100509,P1226,29-04-2024,Customer Dissatisfied,38448
R9100,O103528,P1236,24-02-2025,Wrong Item,4950
R9101,O105502,P1227,15-05-2024,Damaged,26910
R9102,O108267,P1177,12-05-2025,Wrong Item,9136
R9103,O107213,P1258,14-08-2025,Customer Dissatisfied,43560
R9104,O106703,P1062,22-10-2025,Wrong Item,17006
R9105,O103692,P1011,14-04-2025,Wrong Item,20310
R9106,O105001,P1239,04-05-2025,Wrong Item,102170
R9107,O100192,P1186,16-12-2024,Customer Dissatisfied,29966
R9108,O102302,P1015,29-12-2024,Wrong Item,38984
R9109,O100953,P1157,24-03-2025,Wrong Item,40938
R9110,O100885,P1160,15-12-2025,Customer Dissatisfied,85100
R9111,O107903,P1153,10-05-2025,Damaged,56044
R9112,O104613,P1023,06-05-2025,Wrong Item,44592
R9113,O109166,P1188,06-11-2025,Customer Dissatisfied,45984
R9114,O104908,P1030,29-09-2025,Customer Dissatisfied,11890
R9115,O104813,P1172,18-10-2024,Damaged,79280
R9116,O100092,P1126,06-07-2025,Wrong Item,13666
R9117,O106789,P1195,11-07-2024,Wrong Item,8427
R9118,O107065,P1042,14-04-2025,Damaged,80028
R9119,O108018,P1245,26-04-2024,Damaged,16865
R9120,O107073,P1273,21-04-2024,Wrong Item,52830
R9121,O102864,P1049,22-01-2024,Customer Dissatisfied,4384
R9122,O109411,P1041,25-07-2024,Wrong Item,46335
R9123,O103623,P1152,14-04-2025,Customer Dissatisfied,35211
R9124,O108984,P1187,24-01-2025,Wrong Item,32625
R9125,O100354,P1266,22-11-2025,Wrong Item,15728
R9126,O101028,P1270,14-02-2024,Damaged,59499
R9127,O107086,P1190,20-08-2024,Damaged,45298
R9128,O102513,P1198,29-08-2025,Customer Dissatisfied,4170
R9129,O101267,P1296,15-06-2024,Wrong Item,52980
R9130,O109624,P1104,31-10-2025,Wrong Item,56223
R9131,O108315,P1199,07-04-2025,Wrong Item,87945
R9132,O109730,P1022,07-02-2025,Wrong Item,58132
R9133,O106125,P1183,01-04-2025,Wrong Item,15695
R9134,O109220,P1205,03-09-2024,Customer Dissatisfied,3522
R9135,O103173,P1006,09-07-2025,Damaged,-89725
R9136,O102862,P1208,06-11-2025,Wrong Item,33795
R9137,O108339,P1232,03-04-2024,Customer Dissatisfied,12972
R9138,O108113,P1068,30-11-2024,Wrong Item,57620
R9139,O108292,P1053,25-08-2025,Customer Dissatisfied,15645
R9140,O107657,P1005,02-10-2025,Wrong Item,31974
R9141,O107068,P1083,03-03-2025,Damaged,14376
R9142,O109607,P1138,20-03-2025,Wrong Item,44595
R9143,O109424,P1252,07-05-2024,Wrong Item,17202
R9144,O105384,P1021,12-07-2025,Customer Dissatisfied,11470
R9145,O105164,P1013,21-09-2024,Wrong Item,93810
R9146,O100046,P1182,08-07-2024,Damaged,93080
R9147,O106969,P1051,11-08-2025,Wrong Item,32892
R9148,O103293,P1064,15-10-2025,Wrong Item,13395
R9149,O108754,P1228,30-05-2024,Customer Dissatisfied,53368
R9150,O104251,P1037,28-10-2025,Damaged,35032
R9151,O108001,P1137,19-12-2024,Damaged,8938
R9152,O107995,P1030,15-09-2025,Customer Dissatisfied,11890
R9153,O105030,P1021,19-03-2024,Damaged,22940
R9154,O101125,P1249,22-03-2024,Customer Dissatisfied,51435
R9155,O103311,P1021,25-01-2025,Wrong Item,34410
R9156,O104980,P1193,08-05-2024,Damaged,54183
R9157,O102188,P1037,11-12-2025,Customer Dissatisfied,17516
R9158,O104122,P1153,28-10-2024,Wrong Item,28022
R9159,O101665,P1122,02-10-2024,Customer Dissatisfied,9858
R9160,O101293,P1270,06-12-2024,Wrong Item,59499
R9161,O103855,P1030,10-04-2025,Customer Dissatisfied,35670
R9162,O100926,P1068,27-06-2024,Damaged,57620
R9163,O105449,P1243,27-11-2025,Damaged,106125
R9164,O109529,P1190,26-07-2025,Wrong Item,22649
R9165,O104165,P1222,03-02-2025,Wrong Item,75270
R9166,O101685,P1222,30-04-2025,Customer Dissatisfied,30108
R9167,O102523,P1212,15-10-2025,Customer Dissatisfied,21743
R9168,O103015,P1173,11-12-2024,Customer Dissatisfied,7396
R9169,O104776,P1074,23-03-2025,Customer Dissatisfied,26605
R9170,O106235,P1063,15-07-2024,Damaged,70956
R9171,O100291,P1284,06-09-2025,Wrong Item,26554
R9172,O105418,P1017,23-05-2025,Customer Dissatisfied,32576
R9173,O107736,P1096,28-07-2024,Damaged,50853
R9174,O109280,P1048,03-06-2025,Wrong Item,33672
R9175,O104028,P1150,16-04-2025,Customer Dissatisfied,22266
R9176,O106575,P1265,29-04-2024,Wrong Item,11992
R9177,O106988,P1089,16-08-2024,Customer Dissatisfied,18424
R9178,O108348,P1003,08-03-2024,Damaged,5976
R9179,O102959,P1019,07-03-2024,Damaged,33015
R9180,O103864,P1245,13-06-2025,Wrong Item,6746
R9181,O101053,P1103,22-11-2024,Damaged,78756
R9182,O105524,P1229,28-08-2024,Damaged,115345
R9183,O100205,P1163,28-06-2024,Wrong Item,-35772
R9184,O102736,P1167,14-06-2024,Wrong Item,71770
R9185,O101484,P1083,22-12-2025,Customer Dissatisfied,14376
R9186,O100052,P1017,07-07-2024,Damaged,16288
R9187,O108735,P1278,19-01-2025,Wrong Item,95065
R9188,O102363,P1044,12-09-2024,Customer Dissatisfied,22714
R9189,O102796,P1103,02-09-2025,Customer Dissatisfied,98445
R9190,O105685,P1021,16-12-2024,Customer Dissatisfied,11470
R9191,O106715,P1251,05-06-2025,Damaged,8279
R9192,O103241,P1207,06-02-2024,Customer Dissatisfied,89395
R9193,O102347,P1185,29-06-2024,Damaged,38140
R9194,O107347,P1077,20-11-2025,Damaged,17682
R9195,O108742,P1134,17-03-2024,Damaged,17272
R9196,O104198,P1136,20-03-2024,Customer Dissatisfied,9813
R9197,O103817,P1074,28-05-2025,Customer Dissatisfied,10642
R9198,O105229,P1005,24-03-2024,Wrong Item,15987
R9199,O101944,P1254,06-04-2024,Damaged,55563
R9200,O105385,P1004,24-03-2024,Customer Dissatisfied,13662
R9201,O104206,P1155,09-12-2024,Wrong Item,45096
R9202,O102228,P1203,24-01-2024,Damaged,51456
R9203,O107748,P1079,26-12-2024,Wrong Item,45795
R9204,O107989,P1039,11-12-2024,Damaged,9486
R9205,O103502,P1203,02-06-2024,Customer Dissatisfied,51456
R9206,O106224,P1233,11-07-2025,Damaged,51332
R9207,O104155,P1147,14-04-2024,Damaged,40424
R9208,O109010,P1122,17-09-2025,Wrong Item,19716
R9209,O103750,P1106,24-09-2024,Wrong Item,16729
R9210,O107463,P1025,28-06-2025,Customer Dissatisfied,41810
R9211,O108275,P1070,18-05-2024,Customer Dissatisfied,11508
R9212,O105136,P1241,18-04-2025,Damaged,19467
R9213,O109351,P1129,21-02-2024,Damaged,5589
R9214,O103895,P1230,21-02-2025,Customer Dissatisfied,48300
R9215,O104215,P1269,16-05-2024,Customer Dissatisfied,9368
R9216,O100082,P1237,11-02-2025,Customer Dissatisfied,63300
R9217,O107859,P1235,23-04-2024,Customer Dissatisfied,21005
R9218,O102783,P1149,12-03-2025,Damaged,49364
R9219,O108346,P1003,10-01-2024,Customer Dissatisfied,4482
R9220,O106132,P1202,17-03-2025,Damaged,63016
R9221,O100449,P1060,03-11-2025,Damaged,41960
R9222,O105522,P1221,17-02-2024,Customer Dissatisfied,17898
R9223,O101416,P1076,16-06-2024,Wrong Item,50853
R9224,O105090,P1285,05-08-2025,Wrong Item,61788
R9225,O100040,P1224,01-07-2025,Wrong Item,108110
R9226,O106116,P1125,08-09-2024,Damaged,24450
R9227,O100708,P1024,16-02-2024,Damaged,77955
R9228,O107892,P1285,21-04-2024,Customer Dissatisfied,61788
R9229,O107590,P1269,14-02-2024,Damaged,4684
R9230,O108998,P1285,01-04-2024,Damaged,61788
R9231,O105495,P1260,31-05-2024,Damaged,9665
R9232,O107420,P1241,15-02-2025,Wrong Item,77868
R9233,O102091,P1114,29-07-2024,Customer Dissatisfied,75570
R9234,O102399,P1079,19-02-2025,Customer Dissatisfied,45795
R9235,O103111,P1078,14-03-2024,Damaged,93556
R9236,O109074,P1226,30-01-2024,Wrong Item,57672
R9237,O107439,P1074,23-05-2024,Damaged,15963
R9238,O101886,P1058,30-12-2025,Damaged,48471
R9239,O107906,P1143,27-04-2024,Damaged,17700
R9240,O107847,P1299,15-12-2025,Damaged,17937
R9241,O101445,P1253,05-04-2024,Customer Dissatisfied,82420
R9242,O109471,P1067,24-09-2024,Wrong Item,74216
R9243,O105550,P1179,17-06-2025,Wrong Item,78364
R9244,O109064,P1286,19-04-2025,Customer Dissatisfied,6335
R9245,O108297,P1077,30-12-2025,Wrong Item,5894
R9246,O101639,P1059,06-11-2024,Damaged,43636
R9247,O103105,P1143,09-04-2025,Customer Dissatisfied,35400
R9248,O102737,P1046,25-09-2024,Wrong Item,22040
R9249,O107632,P1010,04-09-2024,Damaged,35304
R9250,O106752,P1038,01-05-2024,Damaged,22462
R9251,O104504,P1169,27-04-2025,Damaged,5160
R9252,O100372,P1180,17-05-2025,Damaged,20388
R9253,O100421,P1115,06-09-2024,Customer Dissatisfied,81232
R9254,O105295,P1166,19-11-2024,Wrong Item,8200
R9255,O105469,P1150,28-06-2025,Customer Dissatisfied,29688
R9256,O100674,P1169,24-03-2025,Customer Dissatisfied,15480
R9257,O106662,P1006,27-04-2024,Damaged,35890
R9258,O102908,P1007,24-05-2024,Customer Dissatisfied,63876
R9259,O108004,P1142,18-02-2025,Customer Dissatisfied,55055
R9260,O103575,P1046,09-05-2024,Damaged,44080
R9261,O102034,P1145,17-07-2025,Damaged,40485
R9262,O107294,P1148,27-04-2025,Damaged,20462
R9263,O103798,P1097,12-07-2024,Wrong Item,26745
R9264,O101659,P1264,18-08-2024,Damaged,20620
R9265,O100703,P1245,28-11-2025,Wrong Item,13492
R9266,O101929,P1179,23-09-2025,Customer Dissatisfied,39182
R9267,O102565,P1254,07-03-2025,Customer Dissatisfied,92605
R9268,O101388,P1113,02-08-2024,Wrong Item,4534
R9269,O103812,P1059,24-01-2025,Customer Dissatisfied,43636
R9270,O108606,P1119,13-07-2025,Customer Dissatisfied,80132
R9271,O109776,P1259,04-02-2025,Damaged,69985
R9272,O101843,P1040,19-09-2025,Damaged,12615
R9273,O104921,P1280,25-02-2025,Wrong Item,35480
R9274,O104346,P1212,20-10-2025,Wrong Item,21743
R9275,O109159,P1272,12-01-2024,Customer Dissatisfied,108635
R9276,O104717,P1234,07-08-2024,Damaged,21208
R9277,O108834,P1023,25-04-2025,Damaged,11148
R9278,O102546,P1261,26-06-2025,Customer Dissatisfied,22756
R9279,O102334,P1119,25-04-2025,Customer Dissatisfied,60099
R9280,O103809,P1037,12-01-2025,Customer Dissatisfied,70064
R9281,O109183,P1023,23-12-2024,Customer Dissatisfied,44592
R9282,O107483,P1207,30-03-2024,Damaged,35758
R9283,O104408,P1050,13-08-2024,Wrong Item,59930
R9284,O107227,P1188,17-01-2025,Damaged,76640
R9285,O107113,P1134,23-08-2024,Customer Dissatisfied,8636
R9286,ORPHAN_12,P1048,17-12-2025,Wrong Item,67344
R9287,O106566,P1057,24-11-2025,Customer Dissatisfied,12244
R9288,O104505,P1233,04-06-2024,Wrong Item,38499
R9289,O107204,P1205,24-02-2025,Customer Dissatisfied,17610
R9290,O105770,P1132,12-09-2025,Damaged,96050
R9291,O100300,P1185,08-09-2024,Customer Dissatisfied,30512
R9292,O102656,P1146,22-09-2025,Customer Dissatisfied,66515
R9293,O105943,P1275,22-05-2024,Customer Dissatisfied,44044
R9294,O109300,P1284,03-11-2024,Wrong Item,66385
R9295,O106050,P1169,02-08-2025,Customer Dissatisfied,10320
R9296,O101218,P1266,12-06-2025,Customer Dissatisfied,31456
R9297,O107196,P1039,07-03-2024,Wrong Item,12648
R9298,O103701,P1293,11-06-2024,Wrong Item,59223
R9299,O107043,P1263,07-09-2025,Wrong Item,30256
R9300,O106795,P1144,06-03-2025,Damaged,108020
R9301,O107498,P1060,27-01-2025,Damaged,31470
R9302,O106545,P1082,26-11-2025,Damaged,42435
R9303,O105069,P1224,16-06-2025,Customer Dissatisfied,43244
R9304,O103074,P1262,31-08-2025,Customer Dissatisfied,34434
R9305,O108624,P1025,27-07-2024,Damaged,8362
R9306,O105040,P1233,23-10-2024,Damaged,51332
R9307,O101825,P1225,06-10-2025,Wrong Item,29220
R9308,O106548,P1027,11-04-2024,Wrong Item,10106
R9309,O102132,P1058,13-01-2024,Customer Dissatisfied,48471
R9310,O102929,P1197,01-11-2024,Wrong Item,49485
R9311,O106194,P1085,22-05-2024,Damaged,16941
R9312,O108666,P1292,14-01-2025,Customer Dissatisfied,92856
R9313,O105202,P1272,24-06-2024,Wrong Item,21727
R9314,O106581,P1067,07-02-2024,Damaged,55662
R9315,O107589,P1160,12-11-2025,Damaged,51060
R9316,O101435,P1208,08-04-2024,Damaged,33795
R9317,O106865,P1257,03-04-2025,Damaged,54948
R9318,O104637,P1145,30-08-2025,Wrong Item,26990
R9319,O106404,P1079,25-08-2024,Wrong Item,9159
R9320,O109524,P1220,21-04-2024,Wrong Item,30968
R9321,O100685,P1174,02-08-2025,Customer Dissatisfied,64041
R9322,O102915,P1009,16-04-2024,Damaged,79085
R9323,O108473,P1296,28-07-2024,Wrong Item,10596
R9324,O100385,P1199,16-12-2024,Wrong Item,70356
R9325,O107216,P1216,18-09-2025,Damaged,79968
R9326,O107541,P1280,17-07-2025,Wrong Item,70960
R9327,ORPHAN_15,P1223,06-03-2025,Customer Dissatisfied,18916
R9328,O103362,P1114,07-12-2025,Customer Dissatisfied,30228
R9329,O108839,P1274,15-08-2024,Damaged,20728
R9330,O102013,P1149,13-12-2024,Customer Dissatisfied,24682
R9331,O102225,P1039,10-09-2024,Damaged,3162
R9332,O104129,P1182,07-06-2024,Damaged,74464
R9333,O103794,P1146,08-04-2025,Damaged,26606
R9334,O103049,P1175,25-12-2024,Wrong Item,61998
R9335,O101962,P1268,02-08-2024,Wrong Item,28850
R9336,O107470,P1127,29-03-2025,Wrong Item,46632
R9337,O101269,P1176,30-06-2025,Damaged,29948
R9338,O108846,P1280,20-05-2025,Damaged,35480
R9339,O106284,P1044,03-03-2024,Damaged,45428
R9340,O107762,P1179,31-12-2025,Wrong Item,78364
R9341,O109596,P1206,02-05-2025,Damaged,86008
R9342,O106878,P1222,14-03-2024,Damaged,30108
R9343,O107592,P1121,26-03-2024,Customer Dissatisfied,60005
R9344,O107907,P1200,25-05-2024,Wrong Item,7266
R9345,O104020,P1139,14-03-2025,Damaged,21395
R9346,ORPHAN_7,P1142,02-11-2024,Damaged,33033
R9347,O105846,P1222,14-03-2024,Wrong Item,45162
R9348,O109979,P1142,14-10-2025,Customer Dissatisfied,33033
R9349,O100442,P1233,09-08-2024,Damaged,25666
R9350,O105129,P1243,17-11-2025,Damaged,21225
R9351,O103219,P1263,24-01-2025,Wrong Item,22692
R9352,O106807,P1012,16-05-2024,Wrong Item,40526
R9353,O104833,P1243,25-06-2024,Damaged,21225
R9354,O108822,P1266,07-07-2025,Customer Dissatisfied,15728
R9355,O108050,P1074,06-05-2025,Customer Dissatisfied,21284
R9356,O108833,P1012,27-07-2024,Wrong Item,81052
R9357,O102633,P1092,12-05-2025,Damaged,19568
R9358,O101510,P1216,27-09-2025,Customer Dissatisfied,39984
R9359,O107485,P1113,09-01-2024,Damaged,9068
R9360,O104828,P1035,18-06-2024,Damaged,65406
R9361,O106737,P1075,13-07-2024,Wrong Item,96430
R9362,O105806,P1143,14-07-2024,Damaged,8850
R9363,O102964,P1239,08-01-2024,Damaged,102170
R9364,O109711,P1131,07-07-2024,Wrong Item,61218
R9365,O100375,P1197,04-01-2025,Wrong Item,32990
R9366,O105663,P1256,05-12-2024,Damaged,34184
R9367,O109271,P1128,04-04-2024,Damaged,40312
R9368,O107588,P1274,26-10-2024,Wrong Item,82912
R9369,O108856,P1072,23-09-2025,Damaged,33639
R9370,O104040,P1046,17-09-2025,Damaged,55100
R9371,O100583,P1080,23-12-2025,Wrong Item,-26515
R9372,O104166,P1088,19-05-2024,Damaged,85196
R9373,O107961,P1171,26-03-2025,Damaged,-101390
R9374,O105840,P1279,03-02-2024,Damaged,11798
R9375,O102175,P1158,19-01-2025,Damaged,93495
R9376,O107904,P1117,15-04-2025,Customer Dissatisfied,53550
R9377,O100768,P1137,09-06-2025,Wrong Item,17876
R9378,O104064,P1038,04-07-2024,Customer Dissatisfied,89848
R9379,O108815,P1181,29-11-2025,Damaged,23115
R9380,O109809,P1236,18-06-2024,Customer Dissatisfied,3300
R9381,O101092,P1285,23-09-2025,Wrong Item,41192
R9382,O108109,P1007,19-12-2025,Wrong Item,31938
R9383,O109462,P1130,10-08-2025,Customer Dissatisfied,9394
R9384,O106875,P1001,27-02-2025,Customer Dissatisfied,31132
R9385,O104507,P1230,04-05-2024,Wrong Item,24150
R9386,O103136,P1265,09-11-2025,Wrong Item,59960
R9387,O103912,P1080,28-01-2025,Wrong Item,10606
R9388,O101044,P1297,22-06-2025,Damaged,101535
R9389,O101315,P1072,06-09-2025,Wrong Item,33639
R9390,O103715,P1123,07-07-2025,Customer Dissatisfied,30696
R9391,O108728,P1175,13-08-2024,Wrong Item,61998
R9392,O105825,P1011,05-10-2024,Customer Dissatisfied,20310
R9393,O107691,P1067,08-10-2025,Customer Dissatisfied,55662
R9394,O106206,P1101,25-11-2024,Wrong Item,51183
R9395,ORPHAN_16,P1220,02-04-2024,Customer Dissatisfied,46452
R9396,O108534,P1156,29-10-2025,Customer Dissatisfied,14997
R9397,O106395,P1171,12-01-2024,Damaged,60834
R9398,O101263,P1105,10-04-2025,Wrong Item,31944
R9399,O100880,P1225,18-02-2025,Damaged,14610
R9400,O106841,P1218,07-11-2025,Customer Dissatisfied,30708
R9401,O102551,P1255,11-04-2025,Customer Dissatisfied,74255
R9402,O101961,P1132,19-12-2024,Damaged,38420
R9403,O105630,P1090,05-02-2025,Damaged,32480
R9404,O109360,P1090,15-11-2025,Damaged,19488
R9405,O108333,P1149,13-09-2024,Customer Dissatisfied,24682
R9406,O106130,P1030,15-06-2024,Customer Dissatisfied,47560
R9407,O104502,P1102,30-07-2025,Damaged,59025
R9408,O100210,P1105,27-02-2025,Wrong Item,10648
R9409,O104519,P1030,07-12-2025,Customer Dissatisfied,23780
R9410,O106337,P1003,21-02-2025,Wrong Item,4482
R9411,O105510,P1279,28-11-2024,Customer Dissatisfied,11798
R9412,O106333,P1279,27-01-2025,Customer Dissatisfied,29495
R9413,O107265,P1125,08-04-2024,Wrong Item,24450
R9414,O102827,P1249,04-01-2024,Damaged,17145
R9415,O108242,P1262,23-08-2024,Wrong Item,34434
R9416,O105440,P1129,03-07-2025,Customer Dissatisfied,5589
R9417,O105291,P1293,05-01-2025,Customer Dissatisfied,19741
R9418,O109552,P1148,23-03-2024,Damaged,51155
R9419,O104260,P1133,12-05-2024,Wrong Item,28916
R9420,O100937,P1256,31-12-2024,Wrong Item,17092
R9421,O102160,P1124,21-05-2024,Customer Dissatisfied,93465
R9422,O101404,P1260,24-04-2024,Wrong Item,5799
R9423,O108921,P1049,06-08-2025,Wrong Item,4384
R9424,O102047,P1273,09-11-2025,Damaged,70440
R9425,O103939,P1056,15-04-2025,Customer Dissatisfied,68916
R9426,O103318,P1160,08-01-2025,Customer Dissatisfied,85100
R9427,O103979,P1173,19-06-2024,Damaged,22188
R9428,O101422,P1188,15-01-2024,Customer Dissatisfied,30656
R9429,O109550,P1224,29-12-2024,Wrong Item,43244
R9430,O108282,P1148,03-08-2024,Wrong Item,40924
R9431,O107977,P1223,04-05-2025,Customer Dissatisfied,14187
R9432,O104426,P1152,20-08-2024,Customer Dissatisfied,35211
R9433,O100412,P1280,01-08-2024,Damaged,35480
R9434,O100226,P1110,17-09-2025,Customer Dissatisfied,5745
R9435,O106415,P1228,28-07-2025,Wrong Item,53368
R9436,O100847,P1204,26-02-2024,Wrong Item,11025
R9437,O105800,P1019,03-01-2024,Customer Dissatisfied,55025
R9438,O103072,P1115,19-12-2024,Customer Dissatisfied,20308
R9439,O101254,P1221,14-04-2025,Damaged,53694
R9440,O101242,P1028,31-05-2025,Wrong Item,39790
R9441,O103469,P1090,24-09-2024,Wrong Item,12992
R9442,O103694,P1083,12-07-2024,Customer Dissatisfied,35940
R9443,O101360,P1233,24-11-2025,Wrong Item,12833
R9444,O104732,P1139,02-03-2025,Damaged,85580
R9445,O102981,P1201,29-03-2025,Damaged,30010
R9446,O104874,P1215,26-05-2024,Customer Dissatisfied,49275
R9447,O103639,P1258,22-05-2024,Wrong Item,87120
R9448,O100097,P1067,22-08-2024,Wrong Item,37108
R9449,O109636,P1091,25-06-2024,Customer Dissatisfied,25568
R9450,O106023,P1068,03-11-2025,Damaged,46096
R9451,O106336,P1258,23-07-2025,Customer Dissatisfied,87120
R9452,O105067,P1199,07-11-2025,Damaged,87945
R9453,O101282,P1154,09-03-2025,Wrong Item,65236
R9454,O106786,P1094,09-12-2024,Wrong Item,11349
R9455,O104678,P1076,23-11-2024,Wrong Item,84755
R9456,ORPHAN_10,P1020,18-11-2025,Customer Dissatisfied,50845
R9457,O102942,P1096,18-01-2025,Wrong Item,33902
R9458,O108122,P1077,23-09-2024,Customer Dissatisfied,5894
R9459,O101787,P1263,23-03-2025,Damaged,22692
R9460,O106797,P1251,18-09-2024,Customer Dissatisfied,24837
R9461,O108273,P1184,02-09-2024,Customer Dissatisfied,23546
R9462,O101627,P1236,14-08-2025,Customer Dissatisfied,3300
R9463,O100526,P1156,04-09-2024,Damaged,29994
R9464,O103305,P1131,03-08-2025,Wrong Item,61218
R9465,O101802,P1199,03-01-2025,Customer Dissatisfied,52767
R9466,O101039,P1119,11-03-2024,Wrong Item,100165
R9467,O103844,P1254,12-05-2024,Wrong Item,74084
R9468,O106412,P1174,19-06-2025,Customer Dissatisfied,21347
R9469,O106606,P1252,17-12-2024,Damaged,68808
R9470,O104407,P1069,23-01-2024,Wrong Item,21894
R9471,O102774,P1218,17-10-2025,Wrong Item,76770
R9472,O103200,P1115,03-11-2024,Damaged,81232
R9473,O100408,P1227,06-08-2025,Wrong Item,21528
R9474,O104097,P1281,21-03-2024,Damaged,38193
R9475,O105679,P1129,25-09-2024,Damaged,27945
R9476,O101457,P1193,09-04-2025,Wrong Item,-18061
R9477,O108060,P1141,24-01-2025,Wrong Item,28035
R9478,O103801,P1072,01-03-2025,Customer Dissatisfied,33639
R9479,O109794,P1289,25-11-2024,Customer Dissatisfied,81890
R9480,O100472,P1104,27-07-2024,Customer Dissatisfied,56223
R9481,O100050,P1148,14-12-2024,Wrong Item,20462
R9482,O100719,P1085,20-09-2025,Customer Dissatisfied,16941
R9483,O102913,P1061,12-05-2025,Wrong Item,112850
R9484,O103308,P1152,26-09-2024,Damaged,46948
R9485,O105241,P1252,22-02-2025,Customer Dissatisfied,86010
R9486,O104205,P1113,17-10-2025,Damaged,9068
R9487,O108163,P1211,26-07-2024,Damaged,35104
R9488,O100080,P1031,23-10-2024,Damaged,6951
R9489,O102002,P1213,26-02-2025,Customer Dissatisfied,28564
R9490,ORPHAN_8,P1262,16-01-2024,Damaged,57390
R9491,O104747,P1003,05-07-2024,Wrong Item,4482
R9492,O108462,P1060,20-06-2025,Damaged,10490
R9493,O103740,P1023,03-10-2025,Wrong Item,33444
R9494,O100390,P1294,02-10-2024,Wrong Item,81820
R9495,O104550,P1219,30-11-2024,Damaged,22056
R9496,O105832,P1246,07-09-2024,Wrong Item,68139
R9497,O101052,P1177,23-08-2025,Customer Dissatisfied,18272
R9498,O104113,P1047,11-12-2025,Customer Dissatisfied,12556
R9499,O106857,P1053,15-11-2025,Customer Dissatisfied,12516
R9500,O107205,P1291,16-06-2025,Customer Dissatisfied,37626
R9501,O101096,P1068,15-11-2024,Damaged,57620
R9502,O109441,P1285,30-11-2025,Wrong Item,41192
R9503,O101651,P1125,03-12-2024,Damaged,24450
R9504,O103271,P1229,30-01-2025,Wrong Item,69207
R9505,O103898,P1165,06-10-2024,Customer Dissatisfied,21855
R9506,O102437,P1199,04-09-2024,Wrong Item,35178
R9507,O100819,P1124,10-06-2025,Wrong Item,74772
R9508,O100230,P1121,05-01-2025,Wrong Item,48004
R9509,O101018,P1014,05-06-2025,Wrong Item,34290
R9510,O104172,P1024,25-10-2024,Customer Dissatisfied,31182
R9511,O101008,P1090,29-10-2024,Wrong Item,25984
R9512,O100000,P1203,15-02-2024,Wrong Item,34304
R9513,O102232,P1027,28-02-2024,Damaged,5053
R9514,O109002,P1114,12-01-2025,Customer Dissatisfied,75570
R9515,O101871,P1136,14-08-2025,Damaged,3271
R9516,O105548,P1184,18-03-2025,Damaged,23546
R9517,O101533,P1022,17-10-2024,Damaged,14533
R9518,O101221,P1274,05-01-2025,Damaged,103640
R9519,O102205,P1218,24-03-2024,Damaged,15354
R9520,O102250,P1224,20-04-2024,Damaged,21622
R9521,O102604,P1134,08-04-2024,Customer Dissatisfied,25908
R9522,O103157,P1091,29-03-2025,Customer Dissatisfied,63920
R9523,O100251,P1000,18-05-2024,Damaged,11700
R9524,O108560,P1104,25-05-2024,Damaged,56223
R9525,O105891,P1292,30-12-2024,Customer Dissatisfied,46428
R9526,O102313,P1260,21-01-2025,Damaged,3866
R9527,O104019,P1044,19-12-2024,Damaged,45428
R9528,O108483,P1097,01-05-2024,Customer Dissatisfied,35660
R9529,O105620,P1100,11-08-2024,Customer Dissatisfied,39112
R9530,O105595,P1287,28-10-2024,Damaged,84216
R9531,O106190,P1247,22-02-2024,Wrong Item,15686
R9532,O106288,P1160,26-03-2024,Damaged,34040
R9533,ORPHAN_4,P1227,28-05-2025,Damaged,10764
R9534,O102806,P1254,03-12-2025,Damaged,92605
R9535,O107850,P1164,25-12-2025,Wrong Item,17325
R9536,O102222,P1070,05-09-2025,Damaged,3836
R9537,O102169,P1217,09-04-2025,Damaged,19740
R9538,O102800,P1150,30-07-2025,Customer Dissatisfied,29688
R9539,O103868,P1058,29-11-2024,Damaged,16157
R9540,O106003,P1215,03-07-2025,Customer Dissatisfied,65700
R9541,O106031,P1224,25-03-2024,Customer Dissatisfied,21622
R9542,O104227,P1020,09-07-2024,Wrong Item,50845
R9543,O105922,P1222,02-03-2025,Customer Dissatisfied,15054
R9544,O102108,P1015,16-10-2024,Damaged,97460
R9545,O105560,P1271,12-10-2025,Damaged,44925
R9546,O100141,P1147,21-05-2024,Damaged,50530
R9547,O108037,P1097,09-04-2024,Damaged,26745
R9548,O100081,P1108,07-09-2025,Customer Dissatisfied,71165
R9549,O100119,P1056,06-08-2025,Customer Dissatisfied,34458
R9550,O105533,P1017,31-01-2024,Damaged,81440
R9551,O101128,P1036,09-02-2025,Damaged,23672
R9552,O104769,P1039,29-09-2024,Customer Dissatisfied,12648
R9553,O102206,P1266,19-06-2025,Damaged,47184
R9554,O102261,P1142,19-02-2024,Customer Dissatisfied,55055
R9555,O102464,P1222,19-11-2025,Wrong Item,60216
R9556,O105331,P1263,05-06-2024,Customer Dissatisfied,7564
R9557,O102499,P1242,29-09-2024,Customer Dissatisfied,69310
R9558,O102790,P1214,12-02-2025,Wrong Item,10921
R9559,O104139,P1216,03-01-2024,Customer Dissatisfied,79968
R9560,O105632,P1002,15-06-2024,Customer Dissatisfied,64437
R9561,O109894,P1110,18-11-2024,Customer Dissatisfied,17235
R9562,O107093,P1225,09-02-2025,Wrong Item,43830
R9563,O106246,P1013,09-05-2024,Damaged,37524
R9564,O101836,P1223,16-09-2024,Wrong Item,-9458
R9565,O108123,P1059,17-04-2025,Damaged,21818
R9566,O102304,P1299,02-04-2024,Wrong Item,35874
R9567,O102360,P1160,14-06-2024,Wrong Item,51060
R9568,O102570,P1284,27-08-2024,Damaged,53108
R9569,O106897,P1204,07-04-2025,Wrong Item,14700
R9570,O102725,P1171,10-12-2025,Customer Dissatisfied,40556
R9571,O103018,P1084,19-07-2024,Damaged,37934
R9572,O109494,P1203,18-10-2024,Damaged,34304
R9573,O105760,P1228,02-01-2024,Wrong Item,26684
R9574,O101705,P1034,06-06-2025,Damaged,39112
R9575,O105421,P1021,22-10-2024,Wrong Item,22940
R9576,O103133,P1236,06-12-2025,Damaged,1650
R9577,O101984,P1276,31-10-2024,Damaged,53076
R9578,O102308,P1151,01-12-2024,Customer Dissatisfied,37524
R9579,O100232,P1147,17-02-2024,Damaged,20212
R9580,O107345,P1083,15-10-2025,Damaged,28752
R9581,O105073,P1159,12-01-2024,Customer Dissatisfied,90760
R9582,O106823,P1201,24-01-2025,Customer Dissatisfied,30010
R9583,O108061,P1059,04-06-2024,Wrong Item,21818
R9584,O107538,P1164,08-05-2025,Damaged,23100
R9585,O101986,P1121,26-10-2024,Damaged,60005
R9586,O102031,P1285,28-01-2025,Damaged,82384
R9587,O108220,P1105,19-06-2024,Wrong Item,10648
R9588,O100306,P1185,30-03-2025,Damaged,38140
R9589,O103260,P1167,25-03-2025,Wrong Item,14354
R9590,O109952,P1197,07-02-2024,Damaged,82475
R9591,O103325,P1282,03-09-2025,Customer Dissatisfied,39014
R9592,O100895,P1154,31-08-2024,Customer Dissatisfied,32618
R9593,O107451,P1058,15-04-2024,Wrong Item,16157
R9594,O105020,P1264,23-06-2024,Damaged,25775
R9595,O106423,P1198,14-03-2024,Wrong Item,4170
R9596,O109169,P1008,07-08-2025,Wrong Item,34467
R9597,O100860,P1283,16-07-2024,Wrong Item,35908
R9598,O103017,P1106,29-05-2025,Wrong Item,16729
R9599,O107901,P1089,17-04-2024,Damaged,73696
R9600,O107127,P1243,13-04-2024,Damaged,84900
R9601,O104738,P1059,28-04-2024,Wrong Item,21818
R9602,O108059,P1105,05-02-2024,Customer Dissatisfied,42592
R9603,O102799,P1085,13-04-2025,Wrong Item,28235
R9604,O103038,P1013,27-08-2024,Customer Dissatisfied,56286
R9605,O103153,P1028,28-06-2024,Customer Dissatisfied,31832
R9606,O106272,P1068,10-06-2025,Customer Dissatisfied,23048
R9607,O103814,P1248,03-02-2025,Damaged,53920
R9608,O103509,P1153,09-12-2025,Wrong Item,42033
R9609,O107957,P1197,04-08-2025,Wrong Item,49485
R9610,O101074,P1056,21-04-2025,Wrong Item,51687
R9611,O105728,P1056,05-02-2024,Wrong Item,68916
R9612,O100901,P1185,10-07-2024,Wrong Item,22884
R9613,O100737,P1213,10-09-2025,Customer Dissatisfied,71410
R9614,O107806,P1205,11-10-2025,Damaged,17610
R9615,O106001,P1183,01-08-2024,Damaged,12556
R9616,O104917,P1198,19-02-2024,Damaged,3336
R9617,O102245,P1159,06-06-2025,Damaged,90760
R9618,O100930,P1172,09-12-2024,Damaged,79280
R9619,O103520,P1274,10-09-2024,Wrong Item,82912
R9620,O106518,P1076,18-06-2024,Wrong Item,50853
R9621,ORPHAN_6,P1118,08-07-2025,Damaged,69420
R9622,O103748,P1234,01-02-2025,Damaged,5302
R9623,O103857,P1255,15-08-2025,Wrong Item,29702
R9624,O109384,P1069,20-10-2024,Wrong Item,43788
R9625,O105985,P1088,18-02-2025,Customer Dissatisfied,106495
R9626,O105041,P1176,04-11-2024,Wrong Item,74870
R9627,O104547,P1216,28-10-2024,Customer Dissatisfied,19992
R9628,O109551,P1039,06-03-2025,Customer Dissatisfied,6324
R9629,O104270,P1016,29-10-2024,Customer Dissatisfied,58010
R9630,O100917,P1253,27-01-2025,Damaged,41210
R9631,O105139,P1143,02-05-2025,Wrong Item,8850
R9632,O107796,P1295,03-05-2024,Customer Dissatisfied,13348
R9633,O100580,P1270,20-04-2024,Damaged,59499
R9634,O101426,P1108,18-03-2024,Wrong Item,56932
R9635,ORPHAN_13,P1257,28-08-2025,Wrong Item,73264
R9636,O107007,P1015,24-09-2025,Damaged,19492
R9637,O100551,P1038,11-11-2024,Customer Dissatisfied,44924
R9638,O102916,P1000,27-03-2024,Damaged,23400
R9639,O109210,P1045,07-11-2025,Wrong Item,73860
R9640,O101427,P1150,25-12-2025,Customer Dissatisfied,29688
R9641,O108012,P1070,18-09-2025,Wrong Item,15344
R9642,O104370,P1201,30-05-2024,Customer Dissatisfied,6002
R9643,O104436,P1147,28-05-2024,Customer Dissatisfied,10106
R9644,O100730,P1230,03-10-2024,Wrong Item,48300
R9645,O104324,P1096,19-09-2025,Damaged,67804
R9646,O100681,P1204,18-09-2025,Damaged,3675
R9647,O106880,P1214,12-09-2024,Damaged,54605
R9648,O105708,P1279,10-11-2024,Damaged,29495
R9649,O100196,P1285,17-09-2024,Damaged,102980
R9650,O108526,P1078,11-03-2025,Damaged,116945
R9651,O105841,P1132,21-08-2024,Wrong Item,57630
R9652,O100332,P1182,16-02-2024,Wrong Item,55848
R9653,O107166,P1171,22-12-2024,Wrong Item,101390
R9654,O109481,P1278,14-12-2024,Customer Dissatisfied,57039
R9655,O107830,P1273,20-07-2024,Wrong Item,88050
R9656,O107939,P1299,27-06-2025,Wrong Item,89685
R9657,O108215,P1263,26-09-2024,Wrong Item,7564
R9658,O105957,P1282,17-02-2024,Damaged,58521
R9659,O101045,P1260,06-07-2025,Wrong Item,9665
R9660,O105114,P1023,21-08-2024,Customer Dissatisfied,33444
R9661,O108367,P1120,21-10-2025,Damaged,20523
R9662,O105905,P1053,05-12-2025,Wrong Item,15645
R9663,O101652,P1291,04-05-2025,Customer Dissatisfied,25084
R9664,O109103,P1219,11-04-2024,Wrong Item,11028
R9665,O101082,P1220,12-01-2024,Wrong Item,30968
R9666,O100094,P1140,20-08-2024,Wrong Item,55530
R9667,ORPHAN_2,P1113,25-08-2024,Customer Dissatisfied,11335
R9668,O104560,P1290,23-06-2024,Damaged,5987
R9669,O108243,P1282,03-10-2024,Damaged,58521
R9670,O105490,P1240,27-02-2024,Wrong Item,27378
R9671,O100315,P1173,20-06-2024,Wrong Item,29584
R9672,O109907,P1208,27-12-2025,Wrong Item,56325
R9673,O101900,P1142,19-06-2024,Wrong Item,11011
R9674,O107189,P1081,30-07-2025,Customer Dissatisfied,59440
R9675,O100646,P1105,31-03-2025,Damaged,10648
R9676,O106511,P1116,12-10-2024,Wrong Item,23676
R9677,O107529,P1204,07-03-2024,Wrong Item,11025
R9678,O103757,P1160,18-03-2024,Damaged,85100
R9679,O101240,P1007,19-09-2025,Wrong Item,15969
R9680,O103856,P1294,18-10-2025,Damaged,81820
R9681,O100764,P1108,23-10-2025,Customer Dissatisfied,42699
R9682,O105743,P1027,01-01-2026,Wrong Item,25265
R9683,O107705,P1000,09-02-2024,Damaged,29250
R9684,O102350,P1005,25-10-2024,Wrong Item,79935
R9685,O107979,P1071,28-03-2025,Wrong Item,15258
R9686,O107854,P1276,24-09-2024,Customer Dissatisfied,17692
R9687,O103896,P1210,13-04-2024,Wrong Item,6616
R9688,O102216,P1043,10-10-2024,Customer Dissatisfied,40440
R9689,O100187,P1099,17-04-2025,Damaged,52734
R9690,O100301,P1290,10-08-2025,Wrong Item,17961
R9691,O108813,P1099,14-04-2024,Wrong Item,17578
R9692,O108031,P1000,05-09-2024,Damaged,17550
R9693,O108771,P1074,18-02-2024,Damaged,10642
R9694,O104991,P1234,06-12-2024,Damaged,26510
R9695,O100898,P1038,16-04-2025,Customer Dissatisfied,67386
R9696,ORPHAN_1,P1212,15-02-2024,Wrong Item,86972
R9697,O103542,P1296,01-10-2024,Customer Dissatisfied,21192
R9698,O100817,P1064,28-09-2024,Damaged,13395
R9699,O100582,P1246,11-12-2024,Damaged,22713
R9700,O108863,P1259,19-07-2025,Damaged,13997
R9701,O106266,P1091,05-11-2025,Customer Dissatisfied,25568
R9702,O101204,P1158,24-01-2024,Damaged,18699
R9703,O105302,P1167,25-11-2024,Wrong Item,14354
R9704,O100581,P1156,01-12-2025,Customer Dissatisfied,59988
R9705,O105497,P1285,16-03-2024,Wrong Item,102980
R9706,O105844,P1218,17-09-2025,Customer Dissatisfied,46062
R9707,O102265,P1184,08-06-2024,Wrong Item,94184
R9708,O103269,P1295,01-02-2025,Wrong Item,10011
R9709,O109085,P1118,22-11-2024,Wrong Item,115700
R9710,O100394,P1212,30-11-2025,Customer Dissatisfied,43486
R9711,O109923,P1132,02-04-2024,Wrong Item,96050
R9712,O105888,P1279,06-07-2025,Customer Dissatisfied,5899
R9713,O103415,P1011,13-09-2024,Customer Dissatisfied,6770
R9714,O107795,P1247,20-05-2025,Wrong Item,62744
R9715,O107578,P1273,26-10-2025,Wrong Item,88050
R9716,O108797,P1267,15-03-2024,Wrong Item,73020
R9717,O109023,P1127,16-07-2025,Damaged,11658
R9718,O102709,P1118,16-02-2025,Damaged,69420
R9719,O106305,P1270,12-05-2025,Customer Dissatisfied,59499
R9720,O107132,P1069,26-05-2025,Customer Dissatisfied,10947
R9721,O107826,P1095,24-06-2025,Customer Dissatisfied,55808
R9722,O103747,P1209,05-04-2025,Damaged,44736
R9723,O105143,P1282,31-05-2024,Customer Dissatisfied,39014
R9724,O103093,P1148,18-01-2024,Customer Dissatisfied,30693
R9725,O103916,P1188,11-12-2025,Damaged,76640
R9726,O105777,P1272,17-02-2024,Damaged,21727
R9727,O101379,P1075,20-02-2025,Customer Dissatisfied,57858
R9728,O107996,P1013,26-08-2024,Damaged,18762
R9729,O108449,P1030,24-08-2025,Wrong Item,47560
R9730,O103107,P1091,20-02-2025,Damaged,12784
R9731,O106078,P1217,15-01-2024,Wrong Item,9870
R9732,O100990,P1056,05-01-2025,Wrong Item,86145
R9733,O104535,P1044,23-06-2024,Wrong Item,45428
R9734,O105951,P1260,25-12-2024,Customer Dissatisfied,1933
R9735,O104484,P1287,07-09-2024,Wrong Item,21054
R9736,O104949,P1213,30-03-2024,Damaged,42846
R9737,O100711,P1081,01-04-2025,Damaged,59440
R9738,O106165,P1024,19-08-2025,Damaged,46773
R9739,O103601,P1171,26-06-2024,Wrong Item,101390
R9740,O104572,P1243,09-11-2024,Customer Dissatisfied,21225
R9741,O106106,P1071,08-03-2025,Damaged,10172
R9742,O108575,P1282,28-01-2025,Wrong Item,58521
R9743,O108786,P1121,13-10-2024,Customer Dissatisfied,12001
R9744,O102022,P1275,16-01-2025,Customer Dissatisfied,88088
R9745,O109175,P1221,21-10-2024,Damaged,17898
R9746,O103399,P1171,24-09-2024,Customer Dissatisfied,81112
R9747,O102501,P1273,12-02-2025,Customer Dissatisfied,35220
R9748,O106742,P1012,13-05-2025,Customer Dissatisfied,20263
R9749,O100437,P1107,20-11-2024,Customer Dissatisfied,7054
R9750,O105334,P1134,12-10-2024,Damaged,17272
R9751,O100360,P1105,16-10-2025,Damaged,10648
R9752,O107651,P1008,07-10-2024,Customer Dissatisfied,34467
R9753,O103626,P1175,14-12-2024,Customer Dissatisfied,82664
R9754,O107650,P1228,09-04-2025,Damaged,40026
R9755,O100496,P1019,13-07-2024,Wrong Item,33015
R9756,O106538,P1143,22-08-2024,Wrong Item,8850
R9757,O105790,P1068,29-01-2025,Wrong Item,11524
R9758,O102677,P1039,17-10-2025,Customer Dissatisfied,12648
R9759,O104961,P1145,12-03-2024,Damaged,13495
R9760,ORPHAN_9,P1162,15-01-2024,Wrong Item,44465
R9761,O102777,P1227,31-01-2025,Customer Dissatisfied,5382
R9762,O103442,P1212,09-01-2025,Wrong Item,108715
R9763,O101099,P1271,18-01-2025,Damaged,74875
R9764,O107713,P1157,24-10-2024,Damaged,102345
R9765,O108978,P1058,12-04-2025,Wrong Item,64628
R9766,O108508,P1008,12-09-2024,Wrong Item,34467
R9767,O109778,P1266,25-02-2024,Wrong Item,15728
R9768,O102883,P1145,25-10-2024,Customer Dissatisfied,67475
R9769,O101623,P1210,30-11-2025,Damaged,6616
R9770,O107701,P1028,01-07-2025,Wrong Item,23874
R9771,O107368,P1056,19-01-2025,Wrong Item,17229
R9772,O102410,P1294,09-09-2025,Damaged,81820
R9773,O102694,P1221,15-02-2025,Wrong Item,89490
R9774,O101806,P1115,11-11-2024,Damaged,20308
R9775,O103209,P1267,24-06-2025,Wrong Item,43812
R9776,O109700,P1165,29-08-2025,Damaged,43710
R9777,O109059,P1294,02-08-2024,Wrong Item,49092
R9778,O109870,P1054,16-02-2025,Wrong Item,89780
R9779,O102923,P1210,18-09-2025,Customer Dissatisfied,13232
R9780,O104462,P1290,07-08-2024,Customer Dissatisfied,23948
R9781,O105038,P1035,10-02-2024,Damaged,21802
R9782,O106543,P1145,23-02-2025,Wrong Item,26990
R9783,O108751,P1203,30-10-2024,Customer Dissatisfied,85760
R9784,O108561,P1182,01-08-2025,Customer Dissatisfied,93080
R9785,O100263,P1134,04-11-2024,Wrong Item,-34544
R9786,O108933,P1145,28-08-2025,Customer Dissatisfied,53980
R9787,O102933,P1184,21-05-2025,Customer Dissatisfied,94184
R9788,O108383,P1105,22-08-2025,Damaged,21296
R9789,O109476,P1113,10-07-2025,Customer Dissatisfied,6801
R9790,O108279,P1271,07-02-2025,Customer Dissatisfied,29950
R9791,O100011,P1217,14-10-2024,Wrong Item,19740
R9792,O101565,P1024,19-01-2025,Wrong Item,46773
R9793,O106456,P1139,17-01-2024,Damaged,21395
R9794,O108479,P1246,28-11-2025,Damaged,113565
R9795,O103097,P1135,09-02-2025,Customer Dissatisfied,93535
R9796,O103973,P1128,01-10-2024,Damaged,50390
R9797,O108762,P1116,04-12-2024,Damaged,11838
R9798,O105386,P1253,25-08-2025,Wrong Item,41210
R9799,O106679,P1155,23-09-2025,Wrong Item,45096
